transaction_id,user_id,date,description,amount,merchant,category,is_fraud
1,U001,2025-11-12,COSTCO PURCHASE,163.59,Costco,Groceries,0
2,U001,2026-03-07,CVS PURCHASE,101.63,CVS,Health,0
3,U001,2025-12-07,CVS PURCHASE,44.91,CVS,Health,0
4,U001,2026-03-15,SHELL PURCHASE,96.3,Shell,Transport,0
5,U001,2025-10-19,NETFLIX PURCHASE,59.41,Netflix,Entertainment,0
6,U001,2025-08-25,HULU PURCHASE,29.34,Hulu,Subscription,0
7,U001,2025-12-11,CVS PURCHASE,36.41,CVS,Health,0
8,U001,2025-12-09,BEST BUY PURCHASE,658.4,Best Buy,Shopping,0
9,U001,2026-03-03,AMC PURCHASE,16.55,AMC,Entertainment,0
10,U001,2025-12-12,SHELL PURCHASE,69.5,Shell,Transport,0
11,U001,2025-09-17,DISNEY+ PURCHASE,25.01,Disney+,Subscription,0
12,U001,2025-05-12,HULU PURCHASE,19.36,Hulu,Subscription,0
13,U001,2025-07-31,SPOTIFY PURCHASE,63.29,Spotify,Entertainment,0
14,U001,2025-12-17,AMAZON PRIME PURCHASE,30.53,Amazon Prime,Subscription,0
15,U001,2026-05-05,DISNEY+ PURCHASE,36.33,Disney+,Subscription,0
16,U001,2026-02-11,BEST BUY PURCHASE,309.75,Best Buy,Shopping,0
17,U001,2025-09-11,KROGER PURCHASE,140.32,Kroger,Groceries,0
18,U001,2025-10-17,TARGET PURCHASE,238.7,Target,Groceries,0
19,U001,2026-05-05,SPOTIFY PURCHASE,60.93,Spotify,Entertainment,0
20,U001,2025-07-09,DISNEY+ PURCHASE,37.24,Disney+,Subscription,0
21,U001,2025-08-25,DISNEY+ PURCHASE,6.05,Disney+,Subscription,0
22,U001,2026-02-18,CHIPOTLE PURCHASE,42.18,Chipotle,Food,0
23,U001,2025-11-24,EXXON PURCHASE,61.35,Exxon,Transport,0
24,U001,2025-07-01,WALMART PURCHASE,85.4,Walmart,Groceries,0
25,U001,2026-01-28,LYFT PURCHASE,95.76,Lyft,Transport,0
26,U001,2026-04-30,APPLE PURCHASE,656.04,Apple,Shopping,0
27,U001,2025-12-27,UBER EATS PURCHASE,20.74,Uber Eats,Food,0
28,U001,2025-07-31,CVS PURCHASE,14.76,CVS,Health,0
29,U001,2025-09-18,HULU PURCHASE,24.65,Hulu,Subscription,0
30,U001,2025-10-12,AMAZON PRIME PURCHASE,6.26,Amazon Prime,Subscription,0
31,U001,2026-01-10,EXXON PURCHASE,47.19,Exxon,Transport,0
32,U001,2026-01-23,LYFT PURCHASE,50.19,Lyft,Transport,0
33,U002,2025-11-24,NETFLIX PURCHASE,67.14,Netflix,Entertainment,0
34,U002,2025-10-15,CHIPOTLE PURCHASE,33.97,Chipotle,Food,0
35,U002,2026-03-04,AMAZON PRIME PURCHASE,27.29,Amazon Prime,Subscription,0
36,U002,2026-02-12,COSTCO PURCHASE,190.48,Costco,Groceries,0
37,U002,2025-08-12,TARGET PURCHASE,71.62,Target,Groceries,0
38,U002,2025-10-30,AMAZON PURCHASE,441.62,Amazon,Shopping,0
39,U002,2026-04-18,LYFT PURCHASE,28.14,Lyft,Transport,0
40,U002,2025-09-11,WALGREENS PURCHASE,103.46,Walgreens,Health,0
41,U002,2025-06-25,APPLE PURCHASE,844.87,Apple,Shopping,0
42,U002,2026-03-07,KROGER PURCHASE,285.47,Kroger,Groceries,0
43,U002,2026-04-29,APPLE PURCHASE,421.47,Apple,Shopping,0
44,U002,2025-07-26,SHELL PURCHASE,12.47,Shell,Transport,0
45,U002,2025-08-30,AMC PURCHASE,60.7,AMC,Entertainment,0
46,U002,2025-08-22,HULU PURCHASE,39.33,Hulu,Subscription,0
47,U002,2025-06-06,WALMART PURCHASE,172.95,Walmart,Groceries,0
48,U002,2026-02-20,AMC PURCHASE,23.83,AMC,Entertainment,0
49,U002,2025-08-29,TARGET PURCHASE,283.82,Target,Groceries,0
50,U002,2025-09-30,WALMART PURCHASE,271.16,Walmart,Groceries,0
51,U002,2025-07-16,EXXON PURCHASE,78.1,Exxon,Transport,0
52,U002,2025-05-27,NETFLIX PURCHASE,35.43,Netflix,Entertainment,0
53,U002,2025-11-23,HULU PURCHASE,26.02,Hulu,Subscription,0
54,U002,2026-03-10,STARBUCKS PURCHASE,18.88,Starbucks,Food,0
55,U002,2026-03-04,WALGREENS PURCHASE,20.62,Walgreens,Health,0
56,U002,2025-11-15,SHELL PURCHASE,63.39,Shell,Transport,0
57,U002,2025-08-07,NETFLIX PURCHASE,42.16,Netflix,Entertainment,0
58,U002,2025-08-13,AMAZON PRIME PURCHASE,19.74,Amazon Prime,Subscription,0
59,U002,2025-05-20,WALGREENS PURCHASE,47.84,Walgreens,Health,0
60,U002,2026-03-16,CVS PURCHASE,118.62,CVS,Health,0
61,U002,2026-01-08,DOORDASH PURCHASE,45.04,DoorDash,Food,0
62,U002,2025-09-03,LYFT PURCHASE,60.5,Lyft,Transport,0
63,U002,2026-04-24,WALGREENS PURCHASE,57.61,Walgreens,Health,0
64,U002,2025-12-30,KROGER PURCHASE,130.86,Kroger,Groceries,0
65,U002,2025-11-19,MCDONALDS PURCHASE,30.69,McDonalds,Food,0
66,U002,2025-12-26,WALMART PURCHASE,238.66,Walmart,Groceries,0
67,U002,2025-05-13,AMC PURCHASE,65.19,AMC,Entertainment,0
68,U003,2025-06-18,STARBUCKS PURCHASE,58.84,Starbucks,Food,0
69,U003,2025-09-05,SPOTIFY PURCHASE,74.15,Spotify,Entertainment,0
70,U003,2026-02-09,COSTCO PURCHASE,262.56,Costco,Groceries,0
71,U003,2025-10-06,WALMART PURCHASE,204.67,Walmart,Groceries,0
72,U003,2026-02-16,HULU PURCHASE,15.01,Hulu,Subscription,0
73,U003,2025-06-08,BEST BUY PURCHASE,707.23,Best Buy,Shopping,0
74,U003,2025-07-12,EXXON PURCHASE,30.82,Exxon,Transport,0
75,U003,2025-10-10,LYFT PURCHASE,90.76,Lyft,Transport,0
76,U003,2026-02-23,LYFT PURCHASE,19.12,Lyft,Transport,0
77,U003,2026-03-03,HULU PURCHASE,37.7,Hulu,Subscription,0
78,U003,2026-02-21,NETFLIX PURCHASE,63.26,Netflix,Entertainment,0
79,U003,2026-03-15,CVS PURCHASE,124.73,CVS,Health,0
80,U003,2026-01-29,AMC PURCHASE,63.73,AMC,Entertainment,0
81,U003,2025-08-26,COSTCO PURCHASE,177.59,Costco,Groceries,0
82,U003,2025-07-22,BEST BUY PURCHASE,900.77,Best Buy,Shopping,0
83,U003,2025-07-07,UBER EATS PURCHASE,27.29,Uber Eats,Food,0
84,U003,2026-04-24,CHIPOTLE PURCHASE,55.64,Chipotle,Food,0
85,U003,2025-11-15,EXXON PURCHASE,98.89,Exxon,Transport,0
86,U003,2025-07-15,EXXON PURCHASE,44.84,Exxon,Transport,0
87,U003,2025-09-25,BEST BUY PURCHASE,195.82,Best Buy,Shopping,0
88,U003,2025-07-06,SHELL PURCHASE,27.66,Shell,Transport,0
89,U003,2026-01-11,HULU PURCHASE,25.2,Hulu,Subscription,0
90,U003,2025-06-09,AMAZON PRIME PURCHASE,35.75,Amazon Prime,Subscription,0
91,U003,2026-03-15,CVS PURCHASE,136.21,CVS,Health,0
92,U003,2025-11-19,HULU PURCHASE,6.2,Hulu,Subscription,0
93,U003,2025-12-20,APPLE PURCHASE,137.09,Apple,Shopping,0
94,U003,2025-11-25,CVS PURCHASE,56.12,CVS,Health,0
95,U003,2026-01-07,DISNEY+ PURCHASE,30.27,Disney+,Subscription,0
96,U003,2026-03-12,HULU PURCHASE,21.77,Hulu,Subscription,0
97,U003,2026-05-01,HULU PURCHASE,34.42,Hulu,Subscription,0
98,U003,2026-02-02,STARBUCKS PURCHASE,31.32,Starbucks,Food,0
99,U003,2026-03-21,BEST BUY PURCHASE,555.91,Best Buy,Shopping,0
100,U003,2026-02-23,AMAZON PRIME PURCHASE,33.3,Amazon Prime,Subscription,0
101,U003,2025-10-15,MCDONALDS PURCHASE,44.93,McDonalds,Food,0
102,U003,2025-10-28,DISNEY+ PURCHASE,13.3,Disney+,Subscription,0
103,U004,2026-02-15,SHELL PURCHASE,57.73,Shell,Transport,0
104,U004,2025-09-16,HULU PURCHASE,8.69,Hulu,Subscription,0
105,U004,2025-11-30,MCDONALDS PURCHASE,37.37,McDonalds,Food,0
106,U004,2026-03-24,DISNEY+ PURCHASE,37.12,Disney+,Subscription,0
107,U004,2025-06-03,LYFT PURCHASE,84.05,Lyft,Transport,0
108,U004,2026-03-15,LYFT PURCHASE,46.07,Lyft,Transport,0
109,U004,2026-02-24,WALGREENS PURCHASE,52.73,Walgreens,Health,0
110,U004,2025-05-31,CVS PURCHASE,129.03,CVS,Health,0
111,U004,2025-08-24,WALGREENS PURCHASE,92.01,Walgreens,Health,0
112,U004,2026-05-05,APPLE PURCHASE,126.21,Apple,Shopping,0
113,U004,2025-05-17,DISNEY+ PURCHASE,16.23,Disney+,Subscription,0
114,U004,2026-02-10,DISNEY+ PURCHASE,14.33,Disney+,Subscription,0
115,U004,2025-07-31,NETFLIX PURCHASE,24.41,Netflix,Entertainment,0
116,U004,2025-05-20,SHELL PURCHASE,37.37,Shell,Transport,0
117,U004,2025-12-18,LYFT PURCHASE,21.47,Lyft,Transport,0
118,U004,2025-09-16,SPOTIFY PURCHASE,38.26,Spotify,Entertainment,0
119,U004,2026-03-08,WALMART PURCHASE,56.3,Walmart,Groceries,0
120,U004,2025-06-02,BEST BUY PURCHASE,557.12,Best Buy,Shopping,0
121,U004,2025-11-02,DOORDASH PURCHASE,16.41,DoorDash,Food,0
122,U004,2026-02-28,APPLE PURCHASE,451.29,Apple,Shopping,0
123,U004,2026-01-31,STARBUCKS PURCHASE,49.2,Starbucks,Food,0
124,U004,2026-03-11,MCDONALDS PURCHASE,8.08,McDonalds,Food,0
125,U004,2025-07-06,STARBUCKS PURCHASE,36.52,Starbucks,Food,0
126,U004,2025-12-26,STARBUCKS PURCHASE,8.23,Starbucks,Food,0
127,U004,2025-12-08,AMAZON PRIME PURCHASE,22.33,Amazon Prime,Subscription,0
128,U004,2026-03-08,UBER EATS PURCHASE,18.9,Uber Eats,Food,0
129,U004,2025-09-11,DISNEY+ PURCHASE,6.76,Disney+,Subscription,0
130,U004,2025-12-28,APPLE PURCHASE,698.22,Apple,Shopping,0
131,U004,2025-06-17,MCDONALDS PURCHASE,52.77,McDonalds,Food,0
132,U004,2025-08-13,WALGREENS PURCHASE,89.2,Walgreens,Health,0
133,U004,2026-03-05,AMC PURCHASE,29.12,AMC,Entertainment,0
134,U004,2025-12-15,CVS PURCHASE,22.1,CVS,Health,0
135,U004,2026-05-02,NETFLIX PURCHASE,24.21,Netflix,Entertainment,0
136,U004,2025-05-18,DISNEY+ PURCHASE,33.35,Disney+,Subscription,0
137,U004,2025-10-05,DISNEY+ PURCHASE,20.86,Disney+,Subscription,0
138,U004,2025-09-30,AMAZON PURCHASE,357.55,Amazon,Shopping,0
139,U004,2025-07-27,WALGREENS PURCHASE,94.57,Walgreens,Health,0
140,U004,2025-07-11,SHELL PURCHASE,90.99,Shell,Transport,0
141,U004,2026-04-12,AMAZON PRIME PURCHASE,25.02,Amazon Prime,Subscription,0
142,U004,2025-12-31,MCDONALDS PURCHASE,57.23,McDonalds,Food,0
143,U005,2025-12-09,AMAZON PURCHASE,542.98,Amazon,Shopping,0
144,U005,2026-02-23,LYFT PURCHASE,66.28,Lyft,Transport,0
145,U005,2025-12-22,NETFLIX PURCHASE,79.72,Netflix,Entertainment,0
146,U005,2026-03-07,APPLE PURCHASE,553.35,Apple,Shopping,0
147,U005,2025-09-06,WALGREENS PURCHASE,31.92,Walgreens,Health,0
148,U005,2025-11-10,SPOTIFY PURCHASE,49.59,Spotify,Entertainment,0
149,U005,2026-05-06,APPLE PURCHASE,356.65,Apple,Shopping,0
150,U005,2025-12-11,HULU PURCHASE,38.78,Hulu,Subscription,0
151,U005,2026-01-25,NETFLIX PURCHASE,39.99,Netflix,Entertainment,0
152,U005,2026-03-03,CVS PURCHASE,149.61,CVS,Health,0
153,U005,2025-10-29,COSTCO PURCHASE,225.25,Costco,Groceries,0
154,U005,2025-09-26,BEST BUY PURCHASE,652.25,Best Buy,Shopping,0
155,U005,2026-04-28,NETFLIX PURCHASE,37.53,Netflix,Entertainment,0
156,U005,2025-08-09,CVS PURCHASE,105.97,CVS,Health,0
157,U005,2025-08-15,APPLE PURCHASE,229.14,Apple,Shopping,0
158,U005,2025-11-04,NETFLIX PURCHASE,57.89,Netflix,Entertainment,0
159,U005,2026-01-27,AMAZON PRIME PURCHASE,33.04,Amazon Prime,Subscription,0
160,U005,2025-05-14,HULU PURCHASE,13.06,Hulu,Subscription,0
161,U005,2026-03-22,AMC PURCHASE,18.65,AMC,Entertainment,0
162,U005,2025-12-11,BEST BUY PURCHASE,186.11,Best Buy,Shopping,0
163,U005,2025-11-13,CVS PURCHASE,67.0,CVS,Health,0
164,U005,2025-12-25,SPOTIFY PURCHASE,34.49,Spotify,Entertainment,0
165,U005,2025-10-03,DISNEY+ PURCHASE,21.55,Disney+,Subscription,0
166,U005,2026-04-17,AMAZON PRIME PURCHASE,32.29,Amazon Prime,Subscription,0
167,U005,2026-03-02,CHIPOTLE PURCHASE,58.06,Chipotle,Food,0
168,U005,2025-07-10,AMAZON PRIME PURCHASE,35.03,Amazon Prime,Subscription,0
169,U005,2026-04-17,CVS PURCHASE,59.14,CVS,Health,0
170,U005,2025-08-26,NETFLIX PURCHASE,12.3,Netflix,Entertainment,0
171,U005,2025-09-24,EXXON PURCHASE,26.98,Exxon,Transport,0
172,U005,2025-08-08,EXXON PURCHASE,15.68,Exxon,Transport,0
173,U005,2025-07-14,UBER PURCHASE,49.07,Uber,Transport,0
174,U005,2025-12-27,UBER PURCHASE,82.13,Uber,Transport,0
175,U005,2025-11-28,NETFLIX PURCHASE,11.87,Netflix,Entertainment,0
176,U005,2026-02-07,AMAZON PRIME PURCHASE,38.32,Amazon Prime,Subscription,0
177,U005,2026-01-01,WALGREENS PURCHASE,97.58,Walgreens,Health,0
178,U006,2026-02-25,DISNEY+ PURCHASE,26.18,Disney+,Subscription,0
179,U006,2026-04-05,CHIPOTLE PURCHASE,38.98,Chipotle,Food,0
180,U006,2026-01-24,BEST BUY PURCHASE,997.11,Best Buy,Shopping,1
181,U006,2025-06-20,AMAZON PURCHASE,720.76,Amazon,Shopping,0
182,U006,2025-08-14,APPLE PURCHASE,892.38,Apple,Shopping,0
183,U006,2025-07-20,SHELL PURCHASE,74.18,Shell,Transport,0
184,U006,2025-05-11,BEST BUY PURCHASE,896.36,Best Buy,Shopping,0
185,U006,2025-09-13,HULU PURCHASE,29.32,Hulu,Subscription,0
186,U006,2025-11-28,WALMART PURCHASE,251.43,Walmart,Groceries,0
187,U006,2025-09-08,BEST BUY PURCHASE,978.97,Best Buy,Shopping,1
188,U006,2025-05-16,EXXON PURCHASE,85.71,Exxon,Transport,0
189,U006,2025-11-11,WALGREENS PURCHASE,49.39,Walgreens,Health,0
190,U006,2025-12-18,CVS PURCHASE,78.95,CVS,Health,0
191,U006,2025-07-11,CHIPOTLE PURCHASE,29.52,Chipotle,Food,0
192,U006,2026-04-15,WALMART PURCHASE,213.63,Walmart,Groceries,0
193,U006,2025-10-10,DISNEY+ PURCHASE,15.8,Disney+,Subscription,0
194,U006,2025-07-28,UBER PURCHASE,79.86,Uber,Transport,0
195,U006,2025-09-30,COSTCO PURCHASE,201.15,Costco,Groceries,0
196,U006,2025-10-27,LYFT PURCHASE,63.18,Lyft,Transport,0
197,U006,2026-04-29,AMAZON PURCHASE,545.89,Amazon,Shopping,0
198,U006,2026-03-10,MCDONALDS PURCHASE,22.1,McDonalds,Food,0
199,U006,2025-08-27,COSTCO PURCHASE,146.86,Costco,Groceries,0
200,U007,2025-10-26,WALMART PURCHASE,191.69,Walmart,Groceries,0
201,U007,2026-03-18,COSTCO PURCHASE,230.04,Costco,Groceries,0
202,U007,2025-05-11,EXXON PURCHASE,26.33,Exxon,Transport,0
203,U007,2025-08-26,COSTCO PURCHASE,137.28,Costco,Groceries,0
204,U007,2026-01-16,APPLE PURCHASE,66.32,Apple,Shopping,0
205,U007,2025-10-08,APPLE PURCHASE,163.1,Apple,Shopping,0
206,U007,2025-05-25,KROGER PURCHASE,149.07,Kroger,Groceries,0
207,U007,2026-04-29,APPLE PURCHASE,439.58,Apple,Shopping,0
208,U007,2025-12-25,HULU PURCHASE,34.61,Hulu,Subscription,0
209,U007,2025-06-18,LYFT PURCHASE,81.3,Lyft,Transport,0
210,U007,2025-10-10,AMC PURCHASE,11.55,AMC,Entertainment,0
211,U007,2025-06-15,DOORDASH PURCHASE,27.03,DoorDash,Food,0
212,U007,2025-09-22,BEST BUY PURCHASE,909.86,Best Buy,Shopping,0
213,U007,2025-12-13,EXXON PURCHASE,81.24,Exxon,Transport,0
214,U007,2025-09-19,CVS PURCHASE,32.79,CVS,Health,0
215,U007,2026-04-25,CHIPOTLE PURCHASE,15.26,Chipotle,Food,0
216,U007,2025-06-07,EXXON PURCHASE,93.16,Exxon,Transport,0
217,U007,2026-04-04,KROGER PURCHASE,264.53,Kroger,Groceries,0
218,U007,2026-04-08,SHELL PURCHASE,32.66,Shell,Transport,0
219,U007,2026-04-09,AMC PURCHASE,54.84,AMC,Entertainment,0
220,U007,2026-03-30,STARBUCKS PURCHASE,41.2,Starbucks,Food,0
221,U007,2026-05-06,BEST BUY PURCHASE,697.69,Best Buy,Shopping,0
222,U007,2026-05-01,DISNEY+ PURCHASE,33.38,Disney+,Subscription,0
223,U007,2025-11-18,CVS PURCHASE,64.52,CVS,Health,0
224,U007,2026-02-04,SPOTIFY PURCHASE,47.76,Spotify,Entertainment,0
225,U007,2026-03-19,DISNEY+ PURCHASE,19.27,Disney+,Subscription,0
226,U007,2025-12-24,WALMART PURCHASE,98.36,Walmart,Groceries,0
227,U007,2026-02-24,UBER PURCHASE,93.58,Uber,Transport,0
228,U007,2026-05-01,WALGREENS PURCHASE,85.71,Walgreens,Health,0
229,U007,2025-06-20,DISNEY+ PURCHASE,38.02,Disney+,Subscription,0
230,U007,2026-05-06,NETFLIX PURCHASE,41.54,Netflix,Entertainment,0
231,U007,2026-02-26,CHIPOTLE PURCHASE,26.69,Chipotle,Food,0
232,U008,2025-08-26,CVS PURCHASE,109.45,CVS,Health,0
233,U008,2025-12-05,AMAZON PRIME PURCHASE,30.51,Amazon Prime,Subscription,0
234,U008,2025-08-31,STARBUCKS PURCHASE,38.32,Starbucks,Food,0
235,U008,2026-03-07,CVS PURCHASE,137.46,CVS,Health,0
236,U008,2026-01-21,DISNEY+ PURCHASE,27.39,Disney+,Subscription,0
237,U008,2026-01-02,MCDONALDS PURCHASE,23.31,McDonalds,Food,0
238,U008,2025-10-17,EXXON PURCHASE,89.99,Exxon,Transport,0
239,U008,2025-12-23,SHELL PURCHASE,57.92,Shell,Transport,0
240,U008,2025-10-15,EXXON PURCHASE,99.71,Exxon,Transport,0
241,U008,2025-07-11,TARGET PURCHASE,172.13,Target,Groceries,0
242,U008,2026-03-05,BEST BUY PURCHASE,125.36,Best Buy,Shopping,0
243,U008,2026-04-17,EXXON PURCHASE,77.11,Exxon,Transport,0
244,U008,2025-06-05,DISNEY+ PURCHASE,7.94,Disney+,Subscription,0
245,U008,2025-09-10,SPOTIFY PURCHASE,73.63,Spotify,Entertainment,0
246,U008,2025-05-25,CVS PURCHASE,77.29,CVS,Health,0
247,U008,2025-11-03,CVS PURCHASE,112.65,CVS,Health,0
248,U008,2025-10-09,COSTCO PURCHASE,230.28,Costco,Groceries,0
249,U008,2026-04-29,AMAZON PURCHASE,213.9,Amazon,Shopping,0
250,U008,2025-07-24,UBER EATS PURCHASE,32.12,Uber Eats,Food,0
251,U008,2025-05-24,WALGREENS PURCHASE,70.84,Walgreens,Health,0
252,U008,2025-08-04,EXXON PURCHASE,76.34,Exxon,Transport,0
253,U008,2025-05-16,BEST BUY PURCHASE,301.73,Best Buy,Shopping,0
254,U009,2025-11-03,COSTCO PURCHASE,218.75,Costco,Groceries,0
255,U009,2026-02-28,WALGREENS PURCHASE,78.69,Walgreens,Health,0
256,U009,2025-12-09,AMAZON PURCHASE,610.21,Amazon,Shopping,0
257,U009,2025-07-27,DISNEY+ PURCHASE,29.17,Disney+,Subscription,0
258,U009,2025-11-18,DISNEY+ PURCHASE,15.56,Disney+,Subscription,0
259,U009,2025-08-24,NETFLIX PURCHASE,69.03,Netflix,Entertainment,0
260,U009,2026-01-30,AMC PURCHASE,27.12,AMC,Entertainment,0
261,U009,2025-05-23,AMAZON PURCHASE,850.85,Amazon,Shopping,0
262,U009,2026-02-20,SHELL PURCHASE,11.13,Shell,Transport,0
263,U009,2026-04-24,LYFT PURCHASE,90.74,Lyft,Transport,0
264,U009,2025-12-29,SPOTIFY PURCHASE,18.47,Spotify,Entertainment,0
265,U009,2026-03-01,TARGET PURCHASE,165.4,Target,Groceries,0
266,U009,2026-04-11,WALGREENS PURCHASE,40.7,Walgreens,Health,0
267,U009,2026-02-01,NETFLIX PURCHASE,61.96,Netflix,Entertainment,0
268,U009,2025-10-04,AMC PURCHASE,67.03,AMC,Entertainment,0
269,U009,2025-12-31,WALGREENS PURCHASE,67.5,Walgreens,Health,0
270,U009,2025-08-19,SPOTIFY PURCHASE,65.78,Spotify,Entertainment,0
271,U009,2025-06-23,EXXON PURCHASE,14.96,Exxon,Transport,0
272,U009,2026-03-30,WALMART PURCHASE,184.55,Walmart,Groceries,0
273,U009,2026-03-27,SPOTIFY PURCHASE,54.88,Spotify,Entertainment,0
274,U009,2026-04-21,AMAZON PRIME PURCHASE,34.45,Amazon Prime,Subscription,0
275,U009,2026-05-08,AMAZON PRIME PURCHASE,16.8,Amazon Prime,Subscription,0
276,U009,2025-10-13,SHELL PURCHASE,53.57,Shell,Transport,0
277,U009,2025-07-16,UBER EATS PURCHASE,27.27,Uber Eats,Food,0
278,U009,2025-10-11,DISNEY+ PURCHASE,30.67,Disney+,Subscription,0
279,U009,2025-10-15,BEST BUY PURCHASE,649.86,Best Buy,Shopping,0
280,U009,2026-02-12,AMAZON PURCHASE,103.03,Amazon,Shopping,0
281,U009,2025-10-18,APPLE PURCHASE,618.0,Apple,Shopping,0
282,U009,2025-06-08,DOORDASH PURCHASE,6.01,DoorDash,Food,0
283,U010,2025-12-28,CHIPOTLE PURCHASE,47.48,Chipotle,Food,0
284,U010,2025-10-18,COSTCO PURCHASE,80.93,Costco,Groceries,0
285,U010,2025-05-16,SPOTIFY PURCHASE,44.2,Spotify,Entertainment,0
286,U010,2025-07-11,WALGREENS PURCHASE,36.09,Walgreens,Health,0
287,U010,2026-02-15,CVS PURCHASE,76.69,CVS,Health,0
288,U010,2025-07-02,COSTCO PURCHASE,147.63,Costco,Groceries,0
289,U010,2026-04-17,TARGET PURCHASE,194.76,Target,Groceries,0
290,U010,2025-06-08,CVS PURCHASE,84.82,CVS,Health,0
291,U010,2025-08-12,DISNEY+ PURCHASE,37.2,Disney+,Subscription,0
292,U010,2026-04-20,WALMART PURCHASE,164.52,Walmart,Groceries,0
293,U010,2026-01-26,EXXON PURCHASE,17.98,Exxon,Transport,0
294,U010,2025-12-09,UBER EATS PURCHASE,34.17,Uber Eats,Food,0
295,U010,2025-05-23,NETFLIX PURCHASE,61.52,Netflix,Entertainment,0
296,U010,2025-06-17,HULU PURCHASE,20.19,Hulu,Subscription,0
297,U010,2026-04-05,COSTCO PURCHASE,212.14,Costco,Groceries,0
298,U010,2025-09-21,WALMART PURCHASE,214.69,Walmart,Groceries,0
299,U010,2025-12-17,SHELL PURCHASE,76.29,Shell,Transport,0
300,U010,2026-04-18,SHELL PURCHASE,99.43,Shell,Transport,0
301,U010,2025-06-08,EXXON PURCHASE,52.88,Exxon,Transport,0
302,U010,2026-02-09,SHELL PURCHASE,30.26,Shell,Transport,0
303,U010,2026-04-27,APPLE PURCHASE,358.3,Apple,Shopping,0
304,U010,2025-09-17,UBER PURCHASE,13.08,Uber,Transport,0
305,U010,2025-07-09,CVS PURCHASE,57.86,CVS,Health,0
306,U010,2025-12-13,LYFT PURCHASE,39.73,Lyft,Transport,0
307,U010,2025-06-07,AMAZON PRIME PURCHASE,28.53,Amazon Prime,Subscription,0
308,U010,2025-08-07,LYFT PURCHASE,45.16,Lyft,Transport,0
309,U011,2026-04-03,AMAZON PRIME PURCHASE,24.95,Amazon Prime,Subscription,0
310,U011,2026-02-02,HULU PURCHASE,37.49,Hulu,Subscription,0
311,U011,2025-05-19,WALMART PURCHASE,118.81,Walmart,Groceries,0
312,U011,2025-05-21,LYFT PURCHASE,40.0,Lyft,Transport,0
313,U011,2025-07-13,AMC PURCHASE,33.13,AMC,Entertainment,0
314,U011,2025-07-15,APPLE PURCHASE,768.14,Apple,Shopping,0
315,U011,2026-02-13,EXXON PURCHASE,56.05,Exxon,Transport,0
316,U011,2025-07-20,AMAZON PRIME PURCHASE,25.03,Amazon Prime,Subscription,0
317,U011,2025-11-25,BEST BUY PURCHASE,448.63,Best Buy,Shopping,0
318,U011,2026-02-09,CHIPOTLE PURCHASE,28.29,Chipotle,Food,0
319,U011,2025-05-18,AMAZON PURCHASE,35.3,Amazon,Shopping,0
320,U011,2026-02-04,NETFLIX PURCHASE,76.03,Netflix,Entertainment,0
321,U011,2026-01-27,CHIPOTLE PURCHASE,16.89,Chipotle,Food,0
322,U011,2026-05-08,AMC PURCHASE,33.42,AMC,Entertainment,0
323,U011,2026-05-03,HULU PURCHASE,19.09,Hulu,Subscription,0
324,U011,2025-09-18,WALGREENS PURCHASE,31.27,Walgreens,Health,0
325,U011,2025-09-24,AMC PURCHASE,62.16,AMC,Entertainment,0
326,U011,2026-01-14,MCDONALDS PURCHASE,13.01,McDonalds,Food,0
327,U011,2025-09-28,AMAZON PURCHASE,467.15,Amazon,Shopping,0
328,U011,2025-06-06,CHIPOTLE PURCHASE,49.44,Chipotle,Food,0
329,U011,2026-03-03,UBER PURCHASE,51.67,Uber,Transport,0
330,U011,2025-10-31,CVS PURCHASE,121.39,CVS,Health,0
331,U011,2025-05-24,CVS PURCHASE,59.74,CVS,Health,0
332,U011,2026-01-19,TARGET PURCHASE,115.7,Target,Groceries,0
333,U011,2025-10-20,MCDONALDS PURCHASE,5.15,McDonalds,Food,0
334,U011,2025-08-24,STARBUCKS PURCHASE,10.01,Starbucks,Food,0
335,U011,2026-01-10,HULU PURCHASE,5.81,Hulu,Subscription,0
336,U011,2026-05-05,COSTCO PURCHASE,297.8,Costco,Groceries,0
337,U011,2025-06-10,APPLE PURCHASE,559.98,Apple,Shopping,0
338,U011,2025-06-11,HULU PURCHASE,17.75,Hulu,Subscription,0
339,U012,2026-01-20,WALGREENS PURCHASE,126.26,Walgreens,Health,0
340,U012,2025-06-18,SPOTIFY PURCHASE,63.69,Spotify,Entertainment,0
341,U012,2025-05-24,HULU PURCHASE,30.45,Hulu,Subscription,0
342,U012,2025-06-25,CHIPOTLE PURCHASE,9.23,Chipotle,Food,0
343,U012,2025-08-23,SHELL PURCHASE,31.93,Shell,Transport,0
344,U012,2025-11-03,SPOTIFY PURCHASE,19.72,Spotify,Entertainment,0
345,U012,2025-07-26,UBER EATS PURCHASE,17.48,Uber Eats,Food,0
346,U012,2026-04-16,STARBUCKS PURCHASE,26.71,Starbucks,Food,0
347,U012,2025-10-27,DOORDASH PURCHASE,10.36,DoorDash,Food,0
348,U012,2026-05-06,NETFLIX PURCHASE,15.81,Netflix,Entertainment,0
349,U012,2025-08-14,CHIPOTLE PURCHASE,46.11,Chipotle,Food,0
350,U012,2025-08-23,HULU PURCHASE,7.51,Hulu,Subscription,0
351,U012,2025-05-24,BEST BUY PURCHASE,409.82,Best Buy,Shopping,0
352,U012,2025-11-27,WALGREENS PURCHASE,92.63,Walgreens,Health,0
353,U012,2025-05-11,SHELL PURCHASE,56.9,Shell,Transport,0
354,U012,2026-01-20,DISNEY+ PURCHASE,15.54,Disney+,Subscription,0
355,U012,2026-02-01,EXXON PURCHASE,64.94,Exxon,Transport,0
356,U012,2025-10-26,CHIPOTLE PURCHASE,36.94,Chipotle,Food,0
357,U012,2026-03-06,HULU PURCHASE,9.88,Hulu,Subscription,0
358,U012,2025-07-29,AMAZON PURCHASE,756.92,Amazon,Shopping,0
359,U012,2025-11-19,AMAZON PRIME PURCHASE,18.7,Amazon Prime,Subscription,0
360,U013,2026-02-25,CVS PURCHASE,11.32,CVS,Health,0
361,U013,2025-08-31,CHIPOTLE PURCHASE,34.98,Chipotle,Food,0
362,U013,2025-06-11,STARBUCKS PURCHASE,6.15,Starbucks,Food,0
363,U013,2025-11-21,DISNEY+ PURCHASE,22.4,Disney+,Subscription,0
364,U013,2025-09-04,BEST BUY PURCHASE,66.02,Best Buy,Shopping,0
365,U013,2026-01-21,HULU PURCHASE,34.76,Hulu,Subscription,0
366,U013,2025-10-20,NETFLIX PURCHASE,75.78,Netflix,Entertainment,0
367,U013,2025-11-13,BEST BUY PURCHASE,437.85,Best Buy,Shopping,0
368,U013,2025-11-02,DISNEY+ PURCHASE,21.01,Disney+,Subscription,0
369,U013,2025-08-11,COSTCO PURCHASE,250.04,Costco,Groceries,0
370,U013,2026-01-01,MCDONALDS PURCHASE,53.4,McDonalds,Food,0
371,U013,2025-08-18,HULU PURCHASE,19.61,Hulu,Subscription,0
372,U013,2026-01-16,COSTCO PURCHASE,163.24,Costco,Groceries,0
373,U013,2025-12-09,DISNEY+ PURCHASE,25.54,Disney+,Subscription,0
374,U013,2025-08-24,KROGER PURCHASE,115.16,Kroger,Groceries,0
375,U013,2025-08-18,SHELL PURCHASE,46.6,Shell,Transport,0
376,U013,2025-08-17,CVS PURCHASE,99.1,CVS,Health,0
377,U013,2026-04-29,CHIPOTLE PURCHASE,48.94,Chipotle,Food,0
378,U013,2026-03-14,WALGREENS PURCHASE,117.71,Walgreens,Health,0
379,U013,2025-06-15,WALGREENS PURCHASE,40.15,Walgreens,Health,0
380,U013,2025-05-26,NETFLIX PURCHASE,68.39,Netflix,Entertainment,0
381,U013,2025-11-23,AMAZON PRIME PURCHASE,38.43,Amazon Prime,Subscription,0
382,U013,2025-08-04,AMAZON PRIME PURCHASE,18.88,Amazon Prime,Subscription,0
383,U013,2025-11-09,SHELL PURCHASE,21.69,Shell,Transport,0
384,U013,2025-05-24,BEST BUY PURCHASE,751.82,Best Buy,Shopping,0
385,U013,2026-04-26,WALGREENS PURCHASE,116.58,Walgreens,Health,0
386,U013,2025-10-16,NETFLIX PURCHASE,58.96,Netflix,Entertainment,0
387,U013,2026-02-23,WALGREENS PURCHASE,85.41,Walgreens,Health,0
388,U013,2026-04-16,CVS PURCHASE,117.75,CVS,Health,0
389,U013,2026-04-08,SPOTIFY PURCHASE,63.53,Spotify,Entertainment,0
390,U013,2026-02-25,MCDONALDS PURCHASE,41.59,McDonalds,Food,0
391,U013,2026-02-27,AMAZON PURCHASE,811.66,Amazon,Shopping,0
392,U014,2026-04-21,KROGER PURCHASE,189.1,Kroger,Groceries,0
393,U014,2026-03-03,AMAZON PRIME PURCHASE,9.43,Amazon Prime,Subscription,0
394,U014,2025-08-08,SPOTIFY PURCHASE,70.56,Spotify,Entertainment,0
395,U014,2026-01-24,LYFT PURCHASE,18.72,Lyft,Transport,0
396,U014,2026-03-03,EXXON PURCHASE,41.33,Exxon,Transport,0
397,U014,2025-05-21,BEST BUY PURCHASE,69.08,Best Buy,Shopping,0
398,U014,2026-01-10,WALMART PURCHASE,164.81,Walmart,Groceries,0
399,U014,2026-02-28,EXXON PURCHASE,99.85,Exxon,Transport,0
400,U014,2026-05-07,CVS PURCHASE,23.85,CVS,Health,0
401,U014,2025-11-02,DISNEY+ PURCHASE,24.95,Disney+,Subscription,0
402,U014,2025-10-01,BEST BUY PURCHASE,386.52,Best Buy,Shopping,0
403,U014,2026-05-04,CVS PURCHASE,25.98,CVS,Health,0
404,U014,2025-12-06,WALMART PURCHASE,221.38,Walmart,Groceries,0
405,U014,2026-02-10,SPOTIFY PURCHASE,16.81,Spotify,Entertainment,0
406,U014,2026-02-12,UBER EATS PURCHASE,48.01,Uber Eats,Food,0
407,U014,2025-09-14,WALGREENS PURCHASE,144.92,Walgreens,Health,0
408,U014,2025-08-06,MCDONALDS PURCHASE,58.07,McDonalds,Food,0
409,U014,2026-02-22,APPLE PURCHASE,583.43,Apple,Shopping,0
410,U014,2025-07-18,CVS PURCHASE,109.5,CVS,Health,0
411,U014,2026-03-26,WALMART PURCHASE,252.9,Walmart,Groceries,0
412,U014,2026-04-05,EXXON PURCHASE,82.42,Exxon,Transport,0
413,U014,2026-03-09,WALMART PURCHASE,290.86,Walmart,Groceries,0
414,U014,2026-02-22,SPOTIFY PURCHASE,69.33,Spotify,Entertainment,0
415,U014,2025-10-29,SHELL PURCHASE,67.86,Shell,Transport,0
416,U014,2025-12-03,CVS PURCHASE,118.61,CVS,Health,0
417,U014,2025-11-12,DISNEY+ PURCHASE,38.23,Disney+,Subscription,0
418,U014,2026-02-08,TARGET PURCHASE,210.14,Target,Groceries,0
419,U015,2025-11-25,LYFT PURCHASE,67.81,Lyft,Transport,0
420,U015,2026-01-13,BEST BUY PURCHASE,53.09,Best Buy,Shopping,0
421,U015,2026-04-20,TARGET PURCHASE,243.49,Target,Groceries,0
422,U015,2025-10-05,TARGET PURCHASE,206.2,Target,Groceries,0
423,U015,2025-06-09,EXXON PURCHASE,70.39,Exxon,Transport,0
424,U015,2026-03-02,LYFT PURCHASE,78.88,Lyft,Transport,0
425,U015,2026-02-01,CHIPOTLE PURCHASE,7.87,Chipotle,Food,0
426,U015,2026-03-09,WALGREENS PURCHASE,29.24,Walgreens,Health,0
427,U015,2025-11-03,AMC PURCHASE,70.72,AMC,Entertainment,0
428,U015,2026-02-07,WALGREENS PURCHASE,92.74,Walgreens,Health,0
429,U015,2025-11-15,UBER PURCHASE,23.03,Uber,Transport,0
430,U015,2026-04-15,EXXON PURCHASE,21.66,Exxon,Transport,0
431,U015,2025-10-19,WALGREENS PURCHASE,65.64,Walgreens,Health,0
432,U015,2025-06-27,AMAZON PRIME PURCHASE,30.63,Amazon Prime,Subscription,0
433,U015,2025-07-18,AMAZON PRIME PURCHASE,13.42,Amazon Prime,Subscription,0
434,U015,2025-11-30,DOORDASH PURCHASE,37.21,DoorDash,Food,0
435,U015,2026-01-23,COSTCO PURCHASE,154.29,Costco,Groceries,0
436,U015,2026-01-21,SHELL PURCHASE,72.8,Shell,Transport,0
437,U015,2025-07-28,SPOTIFY PURCHASE,51.76,Spotify,Entertainment,0
438,U015,2025-06-30,NETFLIX PURCHASE,72.02,Netflix,Entertainment,0
439,U015,2025-12-12,WALGREENS PURCHASE,70.69,Walgreens,Health,0
440,U015,2026-03-28,KROGER PURCHASE,63.7,Kroger,Groceries,0
441,U015,2025-12-27,BEST BUY PURCHASE,816.08,Best Buy,Shopping,1
442,U015,2025-10-16,UBER PURCHASE,85.23,Uber,Transport,0
443,U015,2025-11-15,AMC PURCHASE,38.75,AMC,Entertainment,0
444,U015,2025-09-15,AMC PURCHASE,19.33,AMC,Entertainment,0
445,U015,2025-11-17,AMC PURCHASE,11.8,AMC,Entertainment,0
446,U015,2025-12-24,WALGREENS PURCHASE,91.58,Walgreens,Health,0
447,U015,2025-07-21,NETFLIX PURCHASE,50.74,Netflix,Entertainment,0
448,U015,2026-03-22,SHELL PURCHASE,42.5,Shell,Transport,0
449,U015,2025-05-28,MCDONALDS PURCHASE,55.28,McDonalds,Food,0
450,U015,2025-12-09,SHELL PURCHASE,64.42,Shell,Transport,0
451,U015,2025-12-12,TARGET PURCHASE,92.52,Target,Groceries,0
452,U015,2025-08-31,BEST BUY PURCHASE,569.39,Best Buy,Shopping,0
453,U015,2026-03-16,DOORDASH PURCHASE,54.35,DoorDash,Food,0
454,U015,2026-04-30,EXXON PURCHASE,57.85,Exxon,Transport,0
455,U015,2025-11-30,LYFT PURCHASE,51.85,Lyft,Transport,0
456,U016,2026-01-03,KROGER PURCHASE,185.78,Kroger,Groceries,0
457,U016,2026-03-05,UBER EATS PURCHASE,22.0,Uber Eats,Food,0
458,U016,2025-09-11,TARGET PURCHASE,149.81,Target,Groceries,0
459,U016,2025-10-18,WALGREENS PURCHASE,124.56,Walgreens,Health,0
460,U016,2025-07-19,DISNEY+ PURCHASE,35.62,Disney+,Subscription,0
461,U016,2026-04-16,WALGREENS PURCHASE,98.68,Walgreens,Health,0
462,U016,2025-11-22,BEST BUY PURCHASE,279.1,Best Buy,Shopping,0
463,U016,2026-03-03,HULU PURCHASE,25.92,Hulu,Subscription,0
464,U016,2025-10-24,BEST BUY PURCHASE,250.01,Best Buy,Shopping,0
465,U016,2026-04-12,NETFLIX PURCHASE,18.09,Netflix,Entertainment,0
466,U016,2025-09-18,AMC PURCHASE,32.58,AMC,Entertainment,0
467,U016,2025-05-20,AMAZON PRIME PURCHASE,14.38,Amazon Prime,Subscription,0
468,U016,2025-06-06,AMAZON PURCHASE,299.61,Amazon,Shopping,0
469,U016,2025-09-13,APPLE PURCHASE,998.23,Apple,Shopping,1
470,U016,2026-03-26,DISNEY+ PURCHASE,11.35,Disney+,Subscription,0
471,U016,2026-03-30,BEST BUY PURCHASE,424.82,Best Buy,Shopping,0
472,U016,2026-01-29,APPLE PURCHASE,910.1,Apple,Shopping,1
473,U016,2026-03-05,AMAZON PURCHASE,807.45,Amazon,Shopping,1
474,U016,2026-04-12,NETFLIX PURCHASE,76.37,Netflix,Entertainment,0
475,U016,2025-11-04,KROGER PURCHASE,171.52,Kroger,Groceries,0
476,U016,2025-08-20,STARBUCKS PURCHASE,49.95,Starbucks,Food,0
477,U016,2025-05-29,NETFLIX PURCHASE,39.73,Netflix,Entertainment,0
478,U016,2025-10-10,KROGER PURCHASE,180.36,Kroger,Groceries,0
479,U016,2026-03-26,COSTCO PURCHASE,177.6,Costco,Groceries,0
480,U016,2025-08-22,AMC PURCHASE,27.39,AMC,Entertainment,0
481,U016,2025-11-16,WALMART PURCHASE,199.92,Walmart,Groceries,0
482,U016,2025-10-05,WALMART PURCHASE,115.2,Walmart,Groceries,0
483,U017,2026-03-04,CVS PURCHASE,57.62,CVS,Health,0
484,U017,2026-03-09,AMC PURCHASE,74.34,AMC,Entertainment,0
485,U017,2025-06-27,TARGET PURCHASE,81.9,Target,Groceries,0
486,U017,2025-07-17,CVS PURCHASE,48.18,CVS,Health,0
487,U017,2025-10-11,DOORDASH PURCHASE,37.58,DoorDash,Food,0
488,U017,2025-11-28,CHIPOTLE PURCHASE,47.61,Chipotle,Food,0
489,U017,2026-05-07,SHELL PURCHASE,24.31,Shell,Transport,0
490,U017,2025-12-07,COSTCO PURCHASE,246.99,Costco,Groceries,0
491,U017,2025-05-16,DOORDASH PURCHASE,40.0,DoorDash,Food,0
492,U017,2025-05-25,AMAZON PRIME PURCHASE,22.28,Amazon Prime,Subscription,0
493,U017,2026-01-01,UBER EATS PURCHASE,35.42,Uber Eats,Food,0
494,U017,2025-08-04,HULU PURCHASE,17.17,Hulu,Subscription,0
495,U017,2025-07-27,CVS PURCHASE,72.9,CVS,Health,0
496,U017,2025-10-24,SPOTIFY PURCHASE,44.86,Spotify,Entertainment,0
497,U017,2026-04-14,HULU PURCHASE,29.69,Hulu,Subscription,0
498,U017,2025-06-15,SPOTIFY PURCHASE,28.32,Spotify,Entertainment,0
499,U017,2025-11-24,SPOTIFY PURCHASE,31.44,Spotify,Entertainment,0
500,U017,2026-04-10,STARBUCKS PURCHASE,24.72,Starbucks,Food,0
501,U017,2025-05-13,AMAZON PRIME PURCHASE,14.09,Amazon Prime,Subscription,0
502,U017,2025-11-06,BEST BUY PURCHASE,363.82,Best Buy,Shopping,0
503,U017,2025-12-09,KROGER PURCHASE,77.27,Kroger,Groceries,0
504,U017,2025-10-15,AMC PURCHASE,36.24,AMC,Entertainment,0
505,U017,2025-12-29,SPOTIFY PURCHASE,33.09,Spotify,Entertainment,0
506,U017,2025-07-24,WALGREENS PURCHASE,105.23,Walgreens,Health,0
507,U017,2025-09-05,CHIPOTLE PURCHASE,7.0,Chipotle,Food,0
508,U017,2025-11-28,HULU PURCHASE,19.96,Hulu,Subscription,0
509,U017,2025-12-22,AMAZON PURCHASE,561.54,Amazon,Shopping,0
510,U017,2025-06-30,DISNEY+ PURCHASE,39.88,Disney+,Subscription,0
511,U017,2026-01-10,APPLE PURCHASE,684.35,Apple,Shopping,0
512,U017,2025-12-19,EXXON PURCHASE,51.0,Exxon,Transport,0
513,U017,2025-10-08,BEST BUY PURCHASE,361.33,Best Buy,Shopping,0
514,U017,2025-08-08,NETFLIX PURCHASE,56.1,Netflix,Entertainment,0
515,U017,2026-04-28,LYFT PURCHASE,27.08,Lyft,Transport,0
516,U017,2026-04-22,DOORDASH PURCHASE,37.48,DoorDash,Food,0
517,U018,2025-12-21,BEST BUY PURCHASE,288.82,Best Buy,Shopping,0
518,U018,2025-06-25,CVS PURCHASE,10.82,CVS,Health,0
519,U018,2026-01-13,SPOTIFY PURCHASE,64.18,Spotify,Entertainment,0
520,U018,2025-09-10,APPLE PURCHASE,575.24,Apple,Shopping,0
521,U018,2025-11-21,EXXON PURCHASE,12.86,Exxon,Transport,0
522,U018,2025-11-03,NETFLIX PURCHASE,54.9,Netflix,Entertainment,0
523,U018,2025-10-22,LYFT PURCHASE,86.37,Lyft,Transport,0
524,U018,2026-03-24,NETFLIX PURCHASE,32.6,Netflix,Entertainment,0
525,U018,2025-07-24,SPOTIFY PURCHASE,40.48,Spotify,Entertainment,0
526,U018,2026-03-20,BEST BUY PURCHASE,200.84,Best Buy,Shopping,0
527,U018,2025-06-26,CHIPOTLE PURCHASE,14.18,Chipotle,Food,0
528,U018,2025-12-05,AMAZON PRIME PURCHASE,25.21,Amazon Prime,Subscription,0
529,U018,2025-12-07,BEST BUY PURCHASE,507.33,Best Buy,Shopping,0
530,U018,2025-07-07,HULU PURCHASE,7.56,Hulu,Subscription,0
531,U018,2025-06-15,WALMART PURCHASE,189.42,Walmart,Groceries,0
532,U018,2025-11-29,BEST BUY PURCHASE,524.4,Best Buy,Shopping,0
533,U018,2025-10-10,APPLE PURCHASE,761.14,Apple,Shopping,0
534,U018,2025-08-14,CVS PURCHASE,95.56,CVS,Health,0
535,U018,2026-02-16,KROGER PURCHASE,202.0,Kroger,Groceries,0
536,U018,2025-10-06,AMAZON PRIME PURCHASE,28.29,Amazon Prime,Subscription,0
537,U018,2025-10-28,CVS PURCHASE,42.66,CVS,Health,0
538,U018,2025-08-06,CVS PURCHASE,49.34,CVS,Health,0
539,U018,2025-10-17,DISNEY+ PURCHASE,36.84,Disney+,Subscription,0
540,U018,2025-08-30,COSTCO PURCHASE,179.71,Costco,Groceries,0
541,U018,2026-02-04,LYFT PURCHASE,50.66,Lyft,Transport,0
542,U018,2026-01-22,KROGER PURCHASE,212.31,Kroger,Groceries,0
543,U018,2025-05-19,SPOTIFY PURCHASE,64.56,Spotify,Entertainment,0
544,U018,2026-01-13,WALMART PURCHASE,174.68,Walmart,Groceries,0
545,U018,2025-08-30,LYFT PURCHASE,46.18,Lyft,Transport,0
546,U018,2025-08-06,KROGER PURCHASE,279.51,Kroger,Groceries,0
547,U018,2025-10-03,BEST BUY PURCHASE,158.81,Best Buy,Shopping,0
548,U018,2025-10-19,NETFLIX PURCHASE,53.27,Netflix,Entertainment,0
549,U018,2026-05-11,STARBUCKS PURCHASE,50.77,Starbucks,Food,0
550,U018,2026-04-12,AMAZON PURCHASE,149.29,Amazon,Shopping,0
551,U018,2025-10-02,EXXON PURCHASE,54.13,Exxon,Transport,0
552,U018,2026-05-07,BEST BUY PURCHASE,633.66,Best Buy,Shopping,0
553,U018,2026-02-20,CVS PURCHASE,40.06,CVS,Health,0
554,U019,2026-03-10,BEST BUY PURCHASE,290.19,Best Buy,Shopping,0
555,U019,2026-03-03,MCDONALDS PURCHASE,13.86,McDonalds,Food,0
556,U019,2026-05-01,EXXON PURCHASE,12.37,Exxon,Transport,0
557,U019,2025-10-12,STARBUCKS PURCHASE,37.63,Starbucks,Food,0
558,U019,2025-08-02,AMC PURCHASE,17.87,AMC,Entertainment,0
559,U019,2025-08-26,UBER PURCHASE,14.19,Uber,Transport,0
560,U019,2026-04-18,AMC PURCHASE,59.6,AMC,Entertainment,0
561,U019,2026-03-22,NETFLIX PURCHASE,79.62,Netflix,Entertainment,0
562,U019,2025-10-03,DISNEY+ PURCHASE,10.38,Disney+,Subscription,0
563,U019,2025-07-29,CVS PURCHASE,74.06,CVS,Health,0
564,U019,2025-05-15,AMC PURCHASE,39.95,AMC,Entertainment,0
565,U019,2025-05-24,APPLE PURCHASE,538.86,Apple,Shopping,0
566,U019,2025-11-16,APPLE PURCHASE,777.05,Apple,Shopping,0
567,U019,2026-02-16,UBER EATS PURCHASE,52.33,Uber Eats,Food,0
568,U019,2025-12-31,APPLE PURCHASE,596.35,Apple,Shopping,0
569,U019,2025-08-05,WALMART PURCHASE,73.49,Walmart,Groceries,0
570,U019,2025-08-25,DOORDASH PURCHASE,20.53,DoorDash,Food,0
571,U019,2026-01-22,CVS PURCHASE,55.65,CVS,Health,0
572,U019,2025-08-18,COSTCO PURCHASE,81.54,Costco,Groceries,0
573,U019,2025-09-17,BEST BUY PURCHASE,272.42,Best Buy,Shopping,0
574,U019,2025-07-31,AMAZON PRIME PURCHASE,6.99,Amazon Prime,Subscription,0
575,U019,2025-11-08,EXXON PURCHASE,20.39,Exxon,Transport,0
576,U019,2025-12-01,APPLE PURCHASE,99.56,Apple,Shopping,0
577,U019,2025-06-12,BEST BUY PURCHASE,800.4,Best Buy,Shopping,0
578,U019,2025-12-18,DISNEY+ PURCHASE,17.68,Disney+,Subscription,0
579,U019,2025-08-29,DISNEY+ PURCHASE,11.48,Disney+,Subscription,0
580,U019,2025-05-18,APPLE PURCHASE,639.56,Apple,Shopping,0
581,U019,2025-12-16,WALGREENS PURCHASE,92.27,Walgreens,Health,0
582,U019,2025-11-30,NETFLIX PURCHASE,15.76,Netflix,Entertainment,0
583,U019,2025-07-09,DISNEY+ PURCHASE,18.66,Disney+,Subscription,0
584,U019,2026-01-01,SHELL PURCHASE,69.1,Shell,Transport,0
585,U019,2025-06-03,KROGER PURCHASE,268.42,Kroger,Groceries,0
586,U019,2026-01-06,AMAZON PURCHASE,669.07,Amazon,Shopping,0
587,U019,2025-06-22,SHELL PURCHASE,12.85,Shell,Transport,0
588,U019,2025-10-07,UBER EATS PURCHASE,25.41,Uber Eats,Food,0
589,U019,2026-04-04,AMC PURCHASE,42.93,AMC,Entertainment,0
590,U019,2025-11-15,WALGREENS PURCHASE,52.1,Walgreens,Health,0
591,U019,2025-07-04,APPLE PURCHASE,864.74,Apple,Shopping,0
592,U020,2025-09-15,EXXON PURCHASE,43.99,Exxon,Transport,0
593,U020,2025-06-09,NETFLIX PURCHASE,78.54,Netflix,Entertainment,0
594,U020,2025-09-28,UBER PURCHASE,52.8,Uber,Transport,0
595,U020,2025-12-23,TARGET PURCHASE,288.38,Target,Groceries,0
596,U020,2025-10-13,APPLE PURCHASE,297.76,Apple,Shopping,0
597,U020,2025-08-08,LYFT PURCHASE,85.91,Lyft,Transport,0
598,U020,2026-02-14,KROGER PURCHASE,291.44,Kroger,Groceries,0
599,U020,2025-07-08,UBER EATS PURCHASE,19.81,Uber Eats,Food,0
600,U020,2026-04-21,HULU PURCHASE,11.0,Hulu,Subscription,0
601,U020,2025-08-09,CVS PURCHASE,133.26,CVS,Health,0
602,U020,2025-06-26,SHELL PURCHASE,12.66,Shell,Transport,0
603,U020,2025-09-10,UBER PURCHASE,67.7,Uber,Transport,0
604,U020,2026-03-14,NETFLIX PURCHASE,68.16,Netflix,Entertainment,0
605,U020,2026-01-29,SHELL PURCHASE,40.88,Shell,Transport,0
606,U020,2025-07-24,UBER EATS PURCHASE,40.77,Uber Eats,Food,0
607,U020,2026-02-25,AMAZON PURCHASE,131.5,Amazon,Shopping,0
608,U020,2026-01-08,AMAZON PRIME PURCHASE,9.62,Amazon Prime,Subscription,0
609,U020,2025-06-17,WALGREENS PURCHASE,149.7,Walgreens,Health,0
610,U020,2025-10-06,UBER EATS PURCHASE,39.77,Uber Eats,Food,0
611,U020,2025-07-24,UBER PURCHASE,35.89,Uber,Transport,0
612,U020,2025-07-28,CVS PURCHASE,101.29,CVS,Health,0
613,U020,2025-11-23,UBER PURCHASE,78.73,Uber,Transport,0
614,U020,2026-01-05,UBER PURCHASE,73.8,Uber,Transport,0
615,U020,2026-01-06,AMC PURCHASE,55.45,AMC,Entertainment,0
616,U020,2026-02-27,SPOTIFY PURCHASE,78.53,Spotify,Entertainment,0
617,U020,2025-05-24,NETFLIX PURCHASE,28.93,Netflix,Entertainment,0
618,U020,2026-02-10,COSTCO PURCHASE,146.97,Costco,Groceries,0
619,U020,2025-06-11,DISNEY+ PURCHASE,12.32,Disney+,Subscription,0
620,U020,2025-12-01,CVS PURCHASE,42.86,CVS,Health,0
621,U020,2025-12-24,CVS PURCHASE,50.45,CVS,Health,0
622,U020,2026-04-29,AMC PURCHASE,55.51,AMC,Entertainment,0
623,U020,2026-03-22,BEST BUY PURCHASE,954.84,Best Buy,Shopping,1
624,U021,2025-11-01,NETFLIX PURCHASE,56.71,Netflix,Entertainment,0
625,U021,2026-03-30,KROGER PURCHASE,144.34,Kroger,Groceries,0
626,U021,2025-11-19,EXXON PURCHASE,19.09,Exxon,Transport,0
627,U021,2025-08-08,WALMART PURCHASE,167.6,Walmart,Groceries,0
628,U021,2025-07-11,COSTCO PURCHASE,229.39,Costco,Groceries,0
629,U021,2025-11-24,APPLE PURCHASE,844.7,Apple,Shopping,0
630,U021,2026-02-07,LYFT PURCHASE,50.57,Lyft,Transport,0
631,U021,2025-09-07,SHELL PURCHASE,79.78,Shell,Transport,0
632,U021,2025-12-07,AMAZON PURCHASE,735.79,Amazon,Shopping,0
633,U021,2025-11-17,DOORDASH PURCHASE,17.13,DoorDash,Food,0
634,U021,2026-03-01,TARGET PURCHASE,117.06,Target,Groceries,0
635,U021,2025-11-07,HULU PURCHASE,27.37,Hulu,Subscription,0
636,U021,2025-12-29,SHELL PURCHASE,26.12,Shell,Transport,0
637,U021,2025-07-10,AMC PURCHASE,44.53,AMC,Entertainment,0
638,U021,2025-10-14,LYFT PURCHASE,92.71,Lyft,Transport,0
639,U021,2025-05-27,KROGER PURCHASE,204.36,Kroger,Groceries,0
640,U021,2025-11-24,SPOTIFY PURCHASE,34.33,Spotify,Entertainment,0
641,U021,2025-06-29,COSTCO PURCHASE,241.87,Costco,Groceries,0
642,U021,2026-02-28,CVS PURCHASE,75.74,CVS,Health,0
643,U021,2026-03-12,DISNEY+ PURCHASE,38.59,Disney+,Subscription,0
644,U021,2026-05-01,DOORDASH PURCHASE,14.36,DoorDash,Food,0
645,U021,2025-07-02,MCDONALDS PURCHASE,37.99,McDonalds,Food,0
646,U021,2026-03-30,WALMART PURCHASE,64.51,Walmart,Groceries,0
647,U022,2025-05-23,WALGREENS PURCHASE,15.38,Walgreens,Health,0
648,U022,2026-03-13,MCDONALDS PURCHASE,13.86,McDonalds,Food,0
649,U022,2025-09-15,APPLE PURCHASE,993.77,Apple,Shopping,0
650,U022,2026-04-26,AMAZON PURCHASE,923.14,Amazon,Shopping,0
651,U022,2025-06-04,STARBUCKS PURCHASE,40.26,Starbucks,Food,0
652,U022,2025-08-20,WALGREENS PURCHASE,133.9,Walgreens,Health,0
653,U022,2025-07-18,UBER PURCHASE,68.55,Uber,Transport,0
654,U022,2025-07-01,WALMART PURCHASE,262.72,Walmart,Groceries,0
655,U022,2026-01-20,BEST BUY PURCHASE,373.36,Best Buy,Shopping,0
656,U022,2025-07-24,WALMART PURCHASE,150.8,Walmart,Groceries,0
657,U022,2026-03-13,EXXON PURCHASE,91.87,Exxon,Transport,0
658,U022,2026-01-28,BEST BUY PURCHASE,213.77,Best Buy,Shopping,0
659,U022,2026-01-21,WALGREENS PURCHASE,112.61,Walgreens,Health,0
660,U022,2025-12-02,AMC PURCHASE,12.71,AMC,Entertainment,0
661,U022,2025-08-22,AMAZON PRIME PURCHASE,39.84,Amazon Prime,Subscription,0
662,U022,2026-01-14,EXXON PURCHASE,89.11,Exxon,Transport,0
663,U022,2026-01-17,HULU PURCHASE,19.7,Hulu,Subscription,0
664,U022,2025-07-01,CHIPOTLE PURCHASE,25.05,Chipotle,Food,0
665,U022,2025-07-12,WALGREENS PURCHASE,28.28,Walgreens,Health,0
666,U022,2025-05-11,APPLE PURCHASE,511.78,Apple,Shopping,0
667,U022,2026-04-20,UBER EATS PURCHASE,14.64,Uber Eats,Food,0
668,U022,2025-10-04,CHIPOTLE PURCHASE,51.23,Chipotle,Food,0
669,U022,2025-11-19,LYFT PURCHASE,74.28,Lyft,Transport,0
670,U022,2025-09-21,AMC PURCHASE,58.14,AMC,Entertainment,0
671,U022,2026-01-30,HULU PURCHASE,24.07,Hulu,Subscription,0
672,U022,2025-11-19,CVS PURCHASE,58.8,CVS,Health,0
673,U023,2025-07-15,KROGER PURCHASE,286.52,Kroger,Groceries,0
674,U023,2025-07-09,CVS PURCHASE,68.16,CVS,Health,0
675,U023,2025-09-20,NETFLIX PURCHASE,20.02,Netflix,Entertainment,0
676,U023,2025-07-04,CHIPOTLE PURCHASE,40.41,Chipotle,Food,0
677,U023,2025-07-25,CVS PURCHASE,106.82,CVS,Health,0
678,U023,2025-06-05,STARBUCKS PURCHASE,43.82,Starbucks,Food,0
679,U023,2025-10-10,UBER PURCHASE,90.74,Uber,Transport,0
680,U023,2026-04-14,TARGET PURCHASE,267.79,Target,Groceries,0
681,U023,2025-10-05,WALMART PURCHASE,187.27,Walmart,Groceries,0
682,U023,2026-05-05,CVS PURCHASE,19.95,CVS,Health,0
683,U023,2025-07-04,SPOTIFY PURCHASE,17.44,Spotify,Entertainment,0
684,U023,2025-10-12,CVS PURCHASE,94.89,CVS,Health,0
685,U023,2025-10-19,EXXON PURCHASE,42.3,Exxon,Transport,0
686,U023,2026-04-13,TARGET PURCHASE,256.73,Target,Groceries,0
687,U023,2026-04-18,LYFT PURCHASE,42.04,Lyft,Transport,0
688,U023,2026-01-06,NETFLIX PURCHASE,77.41,Netflix,Entertainment,0
689,U023,2025-12-29,APPLE PURCHASE,206.71,Apple,Shopping,0
690,U023,2025-05-14,UBER PURCHASE,35.57,Uber,Transport,0
691,U023,2025-06-01,TARGET PURCHASE,61.47,Target,Groceries,0
692,U023,2025-10-15,NETFLIX PURCHASE,73.82,Netflix,Entertainment,0
693,U023,2026-04-18,DOORDASH PURCHASE,49.33,DoorDash,Food,0
694,U023,2026-04-16,NETFLIX PURCHASE,48.3,Netflix,Entertainment,0
695,U023,2025-07-17,KROGER PURCHASE,117.43,Kroger,Groceries,0
696,U024,2025-09-04,EXXON PURCHASE,88.79,Exxon,Transport,0
697,U024,2025-09-23,WALGREENS PURCHASE,88.65,Walgreens,Health,0
698,U024,2026-03-07,LYFT PURCHASE,83.65,Lyft,Transport,0
699,U024,2026-03-19,APPLE PURCHASE,52.81,Apple,Shopping,0
700,U024,2025-08-31,UBER PURCHASE,38.79,Uber,Transport,0
701,U024,2025-11-15,EXXON PURCHASE,34.1,Exxon,Transport,0
702,U024,2025-09-10,CVS PURCHASE,59.62,CVS,Health,0
703,U024,2025-05-21,UBER EATS PURCHASE,12.2,Uber Eats,Food,0
704,U024,2025-06-11,NETFLIX PURCHASE,63.64,Netflix,Entertainment,0
705,U024,2026-03-08,APPLE PURCHASE,894.12,Apple,Shopping,0
706,U024,2025-07-28,MCDONALDS PURCHASE,48.69,McDonalds,Food,0
707,U024,2026-03-07,TARGET PURCHASE,74.12,Target,Groceries,0
708,U024,2025-07-24,NETFLIX PURCHASE,46.81,Netflix,Entertainment,0
709,U024,2025-07-03,MCDONALDS PURCHASE,43.07,McDonalds,Food,0
710,U024,2025-08-01,NETFLIX PURCHASE,23.05,Netflix,Entertainment,0
711,U024,2026-03-15,STARBUCKS PURCHASE,57.61,Starbucks,Food,0
712,U024,2025-07-25,SHELL PURCHASE,47.68,Shell,Transport,0
713,U024,2025-11-15,KROGER PURCHASE,55.83,Kroger,Groceries,0
714,U024,2025-10-07,APPLE PURCHASE,963.41,Apple,Shopping,0
715,U024,2025-08-11,WALGREENS PURCHASE,88.83,Walgreens,Health,0
716,U024,2025-12-19,CVS PURCHASE,124.38,CVS,Health,0
717,U024,2025-08-18,WALGREENS PURCHASE,117.66,Walgreens,Health,0
718,U024,2026-04-13,KROGER PURCHASE,196.84,Kroger,Groceries,0
719,U024,2026-03-29,SPOTIFY PURCHASE,61.89,Spotify,Entertainment,0
720,U024,2026-04-03,APPLE PURCHASE,739.74,Apple,Shopping,0
721,U025,2025-06-26,AMAZON PRIME PURCHASE,29.24,Amazon Prime,Subscription,0
722,U025,2025-06-07,WALGREENS PURCHASE,144.7,Walgreens,Health,0
723,U025,2025-12-04,COSTCO PURCHASE,222.02,Costco,Groceries,0
724,U025,2025-10-23,EXXON PURCHASE,40.4,Exxon,Transport,0
725,U025,2025-09-25,NETFLIX PURCHASE,53.23,Netflix,Entertainment,0
726,U025,2025-08-29,DOORDASH PURCHASE,41.77,DoorDash,Food,0
727,U025,2025-06-26,AMAZON PRIME PURCHASE,29.21,Amazon Prime,Subscription,0
728,U025,2026-03-25,SPOTIFY PURCHASE,69.05,Spotify,Entertainment,0
729,U025,2025-06-01,BEST BUY PURCHASE,43.28,Best Buy,Shopping,0
730,U025,2026-01-19,DOORDASH PURCHASE,11.24,DoorDash,Food,0
731,U025,2026-01-30,SPOTIFY PURCHASE,68.45,Spotify,Entertainment,0
732,U025,2025-10-14,NETFLIX PURCHASE,10.62,Netflix,Entertainment,0
733,U025,2025-05-20,HULU PURCHASE,13.4,Hulu,Subscription,0
734,U025,2025-10-27,COSTCO PURCHASE,120.65,Costco,Groceries,0
735,U025,2025-12-06,AMAZON PRIME PURCHASE,11.69,Amazon Prime,Subscription,0
736,U025,2026-03-31,EXXON PURCHASE,15.97,Exxon,Transport,0
737,U025,2025-06-02,EXXON PURCHASE,64.41,Exxon,Transport,0
738,U025,2026-03-25,CHIPOTLE PURCHASE,31.96,Chipotle,Food,0
739,U025,2026-04-21,SPOTIFY PURCHASE,13.06,Spotify,Entertainment,0
740,U025,2025-05-27,WALMART PURCHASE,165.64,Walmart,Groceries,0
741,U025,2025-06-20,SPOTIFY PURCHASE,67.9,Spotify,Entertainment,0
742,U025,2026-01-22,NETFLIX PURCHASE,43.51,Netflix,Entertainment,0
743,U026,2025-06-29,DOORDASH PURCHASE,27.94,DoorDash,Food,0
744,U026,2025-05-16,SPOTIFY PURCHASE,67.06,Spotify,Entertainment,0
745,U026,2025-09-21,CVS PURCHASE,36.38,CVS,Health,0
746,U026,2025-09-29,BEST BUY PURCHASE,210.24,Best Buy,Shopping,0
747,U026,2026-03-10,AMC PURCHASE,77.13,AMC,Entertainment,0
748,U026,2026-04-29,APPLE PURCHASE,282.72,Apple,Shopping,0
749,U026,2025-12-08,UBER EATS PURCHASE,8.58,Uber Eats,Food,0
750,U026,2026-05-01,AMAZON PURCHASE,421.94,Amazon,Shopping,0
751,U026,2025-10-09,NETFLIX PURCHASE,51.69,Netflix,Entertainment,0
752,U026,2025-11-12,HULU PURCHASE,35.41,Hulu,Subscription,0
753,U026,2025-06-25,HULU PURCHASE,12.59,Hulu,Subscription,0
754,U026,2025-11-08,WALMART PURCHASE,69.93,Walmart,Groceries,0
755,U026,2026-05-04,KROGER PURCHASE,136.09,Kroger,Groceries,0
756,U026,2026-05-04,AMAZON PRIME PURCHASE,5.67,Amazon Prime,Subscription,0
757,U026,2025-11-12,DOORDASH PURCHASE,49.62,DoorDash,Food,0
758,U026,2025-07-02,WALGREENS PURCHASE,28.28,Walgreens,Health,0
759,U026,2025-07-22,AMAZON PURCHASE,260.79,Amazon,Shopping,0
760,U026,2025-09-07,TARGET PURCHASE,272.54,Target,Groceries,0
761,U026,2026-04-24,SHELL PURCHASE,57.45,Shell,Transport,0
762,U026,2025-07-17,TARGET PURCHASE,287.45,Target,Groceries,0
763,U026,2025-06-06,LYFT PURCHASE,94.21,Lyft,Transport,0
764,U026,2025-06-29,TARGET PURCHASE,155.39,Target,Groceries,0
765,U026,2026-05-10,UBER PURCHASE,71.39,Uber,Transport,0
766,U027,2025-07-07,KROGER PURCHASE,195.41,Kroger,Groceries,0
767,U027,2025-12-19,AMAZON PURCHASE,971.56,Amazon,Shopping,1
768,U027,2026-03-18,STARBUCKS PURCHASE,25.31,Starbucks,Food,0
769,U027,2025-09-02,AMAZON PURCHASE,545.35,Amazon,Shopping,0
770,U027,2025-09-20,AMC PURCHASE,32.04,AMC,Entertainment,0
771,U027,2025-09-05,UBER PURCHASE,32.74,Uber,Transport,0
772,U027,2026-04-11,DOORDASH PURCHASE,44.27,DoorDash,Food,0
773,U027,2026-04-18,CVS PURCHASE,15.11,CVS,Health,0
774,U027,2025-07-25,APPLE PURCHASE,523.63,Apple,Shopping,0
775,U027,2025-10-26,BEST BUY PURCHASE,830.7,Best Buy,Shopping,1
776,U027,2025-11-29,CHIPOTLE PURCHASE,30.83,Chipotle,Food,0
777,U027,2026-02-28,CVS PURCHASE,141.99,CVS,Health,0
778,U027,2025-09-13,HULU PURCHASE,22.63,Hulu,Subscription,0
779,U027,2025-06-02,NETFLIX PURCHASE,15.3,Netflix,Entertainment,0
780,U027,2026-03-27,LYFT PURCHASE,34.28,Lyft,Transport,0
781,U027,2025-06-12,SHELL PURCHASE,51.55,Shell,Transport,0
782,U027,2025-08-26,APPLE PURCHASE,137.77,Apple,Shopping,0
783,U027,2026-02-16,WALGREENS PURCHASE,69.56,Walgreens,Health,0
784,U027,2025-05-30,AMC PURCHASE,21.67,AMC,Entertainment,0
785,U027,2025-10-09,AMAZON PURCHASE,656.34,Amazon,Shopping,0
786,U027,2026-02-22,SHELL PURCHASE,69.49,Shell,Transport,0
787,U027,2026-01-03,AMC PURCHASE,44.23,AMC,Entertainment,0
788,U027,2026-05-02,WALGREENS PURCHASE,73.96,Walgreens,Health,0
789,U027,2026-03-21,DOORDASH PURCHASE,25.8,DoorDash,Food,0
790,U027,2026-04-20,HULU PURCHASE,7.1,Hulu,Subscription,0
791,U027,2025-10-09,UBER EATS PURCHASE,21.24,Uber Eats,Food,0
792,U027,2026-05-06,HULU PURCHASE,16.93,Hulu,Subscription,0
793,U027,2025-08-27,HULU PURCHASE,20.54,Hulu,Subscription,0
794,U027,2026-04-30,UBER PURCHASE,79.22,Uber,Transport,0
795,U027,2025-05-31,SHELL PURCHASE,58.91,Shell,Transport,0
796,U027,2026-04-21,CVS PURCHASE,21.42,CVS,Health,0
797,U027,2026-02-21,EXXON PURCHASE,25.58,Exxon,Transport,0
798,U027,2025-06-20,STARBUCKS PURCHASE,7.6,Starbucks,Food,0
799,U027,2025-10-08,APPLE PURCHASE,749.42,Apple,Shopping,0
800,U027,2025-11-21,HULU PURCHASE,36.79,Hulu,Subscription,0
801,U027,2025-11-08,MCDONALDS PURCHASE,25.3,McDonalds,Food,0
802,U027,2025-10-22,TARGET PURCHASE,287.33,Target,Groceries,0
803,U027,2025-06-24,WALMART PURCHASE,160.65,Walmart,Groceries,0
804,U027,2026-04-20,KROGER PURCHASE,273.07,Kroger,Groceries,0
805,U028,2025-11-09,NETFLIX PURCHASE,46.76,Netflix,Entertainment,0
806,U028,2025-12-12,DOORDASH PURCHASE,49.61,DoorDash,Food,0
807,U028,2026-01-26,CVS PURCHASE,46.46,CVS,Health,0
808,U028,2025-12-09,CVS PURCHASE,120.26,CVS,Health,0
809,U028,2025-07-26,AMC PURCHASE,49.85,AMC,Entertainment,0
810,U028,2026-02-10,WALGREENS PURCHASE,55.05,Walgreens,Health,0
811,U028,2025-12-06,SHELL PURCHASE,88.84,Shell,Transport,0
812,U028,2026-04-16,CVS PURCHASE,86.19,CVS,Health,0
813,U028,2025-08-13,DISNEY+ PURCHASE,20.36,Disney+,Subscription,0
814,U028,2025-10-20,NETFLIX PURCHASE,45.6,Netflix,Entertainment,0
815,U028,2025-07-02,UBER EATS PURCHASE,39.17,Uber Eats,Food,0
816,U028,2025-11-29,WALMART PURCHASE,177.17,Walmart,Groceries,0
817,U028,2025-12-10,MCDONALDS PURCHASE,46.48,McDonalds,Food,0
818,U028,2026-01-22,CVS PURCHASE,91.94,CVS,Health,0
819,U028,2025-08-16,EXXON PURCHASE,91.72,Exxon,Transport,0
820,U028,2025-12-17,HULU PURCHASE,15.5,Hulu,Subscription,0
821,U028,2026-02-25,CVS PURCHASE,135.83,CVS,Health,0
822,U028,2026-01-31,DOORDASH PURCHASE,19.85,DoorDash,Food,0
823,U028,2026-01-14,LYFT PURCHASE,44.95,Lyft,Transport,0
824,U028,2025-07-25,NETFLIX PURCHASE,61.31,Netflix,Entertainment,0
825,U028,2025-06-25,HULU PURCHASE,22.28,Hulu,Subscription,0
826,U028,2026-01-14,APPLE PURCHASE,135.35,Apple,Shopping,0
827,U028,2025-05-12,BEST BUY PURCHASE,555.93,Best Buy,Shopping,0
828,U028,2025-11-23,UBER EATS PURCHASE,38.7,Uber Eats,Food,0
829,U028,2025-08-22,CVS PURCHASE,36.52,CVS,Health,0
830,U028,2026-01-08,CVS PURCHASE,64.68,CVS,Health,0
831,U028,2026-05-01,LYFT PURCHASE,60.18,Lyft,Transport,0
832,U028,2025-10-04,WALGREENS PURCHASE,46.14,Walgreens,Health,0
833,U028,2026-03-10,KROGER PURCHASE,110.13,Kroger,Groceries,0
834,U028,2026-04-09,BEST BUY PURCHASE,207.47,Best Buy,Shopping,0
835,U029,2025-12-09,SHELL PURCHASE,32.13,Shell,Transport,0
836,U029,2025-12-16,DISNEY+ PURCHASE,28.75,Disney+,Subscription,0
837,U029,2025-06-04,UBER EATS PURCHASE,50.4,Uber Eats,Food,0
838,U029,2025-12-03,CVS PURCHASE,127.73,CVS,Health,0
839,U029,2026-04-09,EXXON PURCHASE,77.66,Exxon,Transport,0
840,U029,2025-11-20,HULU PURCHASE,39.84,Hulu,Subscription,0
841,U029,2025-10-24,DOORDASH PURCHASE,45.57,DoorDash,Food,0
842,U029,2025-10-31,AMAZON PRIME PURCHASE,28.04,Amazon Prime,Subscription,0
843,U029,2025-10-09,STARBUCKS PURCHASE,11.57,Starbucks,Food,0
844,U029,2025-09-03,WALGREENS PURCHASE,86.42,Walgreens,Health,0
845,U029,2026-01-11,DOORDASH PURCHASE,49.48,DoorDash,Food,0
846,U029,2025-06-07,CVS PURCHASE,113.36,CVS,Health,0
847,U029,2025-10-04,SHELL PURCHASE,46.51,Shell,Transport,0
848,U029,2025-06-11,STARBUCKS PURCHASE,9.7,Starbucks,Food,0
849,U029,2025-10-02,WALMART PURCHASE,263.39,Walmart,Groceries,0
850,U029,2025-10-29,WALGREENS PURCHASE,62.75,Walgreens,Health,0
851,U029,2026-03-08,AMAZON PURCHASE,933.68,Amazon,Shopping,0
852,U029,2025-08-01,DISNEY+ PURCHASE,26.88,Disney+,Subscription,0
853,U029,2026-04-22,TARGET PURCHASE,91.82,Target,Groceries,0
854,U029,2025-07-15,APPLE PURCHASE,135.44,Apple,Shopping,0
855,U029,2025-12-13,HULU PURCHASE,37.33,Hulu,Subscription,0
856,U029,2025-06-07,KROGER PURCHASE,84.86,Kroger,Groceries,0
857,U029,2026-03-31,WALGREENS PURCHASE,120.46,Walgreens,Health,0
858,U029,2025-08-16,TARGET PURCHASE,175.53,Target,Groceries,0
859,U030,2025-08-18,WALMART PURCHASE,286.29,Walmart,Groceries,0
860,U030,2025-12-04,HULU PURCHASE,31.36,Hulu,Subscription,0
861,U030,2025-12-15,BEST BUY PURCHASE,573.78,Best Buy,Shopping,0
862,U030,2025-05-27,STARBUCKS PURCHASE,30.89,Starbucks,Food,0
863,U030,2025-12-27,WALGREENS PURCHASE,52.19,Walgreens,Health,0
864,U030,2025-06-24,STARBUCKS PURCHASE,7.25,Starbucks,Food,0
865,U030,2025-12-31,NETFLIX PURCHASE,58.58,Netflix,Entertainment,0
866,U030,2026-03-30,DISNEY+ PURCHASE,9.41,Disney+,Subscription,0
867,U030,2026-01-25,WALGREENS PURCHASE,90.25,Walgreens,Health,0
868,U030,2026-03-25,UBER PURCHASE,76.09,Uber,Transport,0
869,U030,2026-04-16,UBER PURCHASE,18.1,Uber,Transport,0
870,U030,2025-06-13,SPOTIFY PURCHASE,56.17,Spotify,Entertainment,0
871,U030,2026-01-25,SHELL PURCHASE,69.56,Shell,Transport,0
872,U030,2026-04-29,AMC PURCHASE,43.48,AMC,Entertainment,0
873,U030,2025-10-16,DISNEY+ PURCHASE,11.0,Disney+,Subscription,0
874,U030,2025-09-11,DISNEY+ PURCHASE,26.64,Disney+,Subscription,0
875,U030,2025-09-02,APPLE PURCHASE,199.65,Apple,Shopping,0
876,U030,2026-04-01,AMAZON PURCHASE,91.68,Amazon,Shopping,0
877,U030,2025-07-09,NETFLIX PURCHASE,49.75,Netflix,Entertainment,0
878,U030,2026-04-03,SPOTIFY PURCHASE,42.82,Spotify,Entertainment,0
879,U030,2025-09-14,TARGET PURCHASE,110.65,Target,Groceries,0
880,U030,2025-11-02,WALMART PURCHASE,261.97,Walmart,Groceries,0
881,U030,2025-11-11,CVS PURCHASE,113.24,CVS,Health,0
882,U030,2025-12-16,TARGET PURCHASE,140.67,Target,Groceries,0
883,U030,2025-11-02,HULU PURCHASE,39.27,Hulu,Subscription,0
884,U030,2026-02-12,LYFT PURCHASE,80.25,Lyft,Transport,0
885,U030,2025-05-24,LYFT PURCHASE,46.58,Lyft,Transport,0
886,U030,2025-08-10,DOORDASH PURCHASE,10.74,DoorDash,Food,0
887,U030,2025-09-25,NETFLIX PURCHASE,68.14,Netflix,Entertainment,0
888,U030,2025-06-14,STARBUCKS PURCHASE,15.51,Starbucks,Food,0
889,U030,2025-12-03,UBER PURCHASE,76.94,Uber,Transport,0
890,U030,2026-04-03,AMC PURCHASE,24.88,AMC,Entertainment,0
891,U030,2026-02-07,STARBUCKS PURCHASE,33.07,Starbucks,Food,0
892,U030,2026-01-21,LYFT PURCHASE,27.21,Lyft,Transport,0
893,U031,2025-06-14,DISNEY+ PURCHASE,16.89,Disney+,Subscription,0
894,U031,2026-03-12,APPLE PURCHASE,264.93,Apple,Shopping,0
895,U031,2025-10-02,CHIPOTLE PURCHASE,31.21,Chipotle,Food,0
896,U031,2025-09-12,CVS PURCHASE,67.75,CVS,Health,0
897,U031,2025-07-21,EXXON PURCHASE,77.45,Exxon,Transport,0
898,U031,2025-08-09,APPLE PURCHASE,687.22,Apple,Shopping,0
899,U031,2026-02-10,WALMART PURCHASE,88.69,Walmart,Groceries,0
900,U031,2025-09-04,WALGREENS PURCHASE,113.66,Walgreens,Health,0
901,U031,2025-08-26,EXXON PURCHASE,75.59,Exxon,Transport,0
902,U031,2025-09-16,SPOTIFY PURCHASE,45.55,Spotify,Entertainment,0
903,U031,2026-05-08,LYFT PURCHASE,27.05,Lyft,Transport,0
904,U031,2025-05-30,AMAZON PURCHASE,251.2,Amazon,Shopping,0
905,U031,2026-03-04,AMAZON PRIME PURCHASE,10.83,Amazon Prime,Subscription,0
906,U031,2025-06-09,AMC PURCHASE,68.43,AMC,Entertainment,0
907,U031,2026-01-09,COSTCO PURCHASE,138.58,Costco,Groceries,0
908,U031,2025-10-16,UBER PURCHASE,39.03,Uber,Transport,0
909,U031,2026-01-30,DISNEY+ PURCHASE,19.49,Disney+,Subscription,0
910,U031,2025-09-18,SHELL PURCHASE,77.47,Shell,Transport,0
911,U031,2025-05-28,CHIPOTLE PURCHASE,8.3,Chipotle,Food,0
912,U031,2025-06-08,KROGER PURCHASE,124.09,Kroger,Groceries,0
913,U031,2026-01-03,SPOTIFY PURCHASE,68.98,Spotify,Entertainment,0
914,U031,2025-09-09,NETFLIX PURCHASE,29.46,Netflix,Entertainment,0
915,U031,2025-06-19,WALGREENS PURCHASE,32.69,Walgreens,Health,0
916,U031,2025-06-08,UBER PURCHASE,85.5,Uber,Transport,0
917,U031,2025-11-28,COSTCO PURCHASE,179.09,Costco,Groceries,0
918,U031,2026-04-03,DISNEY+ PURCHASE,21.79,Disney+,Subscription,0
919,U031,2025-05-16,HULU PURCHASE,37.34,Hulu,Subscription,0
920,U031,2025-11-27,KROGER PURCHASE,88.95,Kroger,Groceries,0
921,U031,2026-03-13,SPOTIFY PURCHASE,34.95,Spotify,Entertainment,0
922,U031,2026-04-29,WALGREENS PURCHASE,72.73,Walgreens,Health,0
923,U032,2026-03-28,NETFLIX PURCHASE,21.33,Netflix,Entertainment,0
924,U032,2025-10-21,CVS PURCHASE,128.31,CVS,Health,0
925,U032,2025-08-21,COSTCO PURCHASE,182.97,Costco,Groceries,0
926,U032,2025-07-11,EXXON PURCHASE,24.73,Exxon,Transport,0
927,U032,2025-11-05,BEST BUY PURCHASE,898.75,Best Buy,Shopping,1
928,U032,2025-10-26,CVS PURCHASE,63.13,CVS,Health,0
929,U032,2026-01-19,WALGREENS PURCHASE,61.22,Walgreens,Health,0
930,U032,2025-12-15,COSTCO PURCHASE,67.73,Costco,Groceries,0
931,U032,2026-01-18,AMAZON PRIME PURCHASE,11.81,Amazon Prime,Subscription,0
932,U032,2026-03-01,NETFLIX PURCHASE,34.41,Netflix,Entertainment,0
933,U032,2026-02-27,EXXON PURCHASE,74.33,Exxon,Transport,0
934,U032,2025-08-05,WALGREENS PURCHASE,57.53,Walgreens,Health,0
935,U032,2025-05-27,HULU PURCHASE,8.72,Hulu,Subscription,0
936,U032,2026-04-27,CHIPOTLE PURCHASE,33.48,Chipotle,Food,0
937,U032,2026-05-08,APPLE PURCHASE,429.24,Apple,Shopping,0
938,U032,2026-05-02,AMAZON PURCHASE,123.86,Amazon,Shopping,0
939,U032,2025-09-22,AMAZON PRIME PURCHASE,9.89,Amazon Prime,Subscription,0
940,U032,2026-03-13,WALGREENS PURCHASE,114.99,Walgreens,Health,0
941,U032,2026-04-16,UBER EATS PURCHASE,9.63,Uber Eats,Food,0
942,U032,2026-02-02,CVS PURCHASE,46.92,CVS,Health,0
943,U032,2025-12-23,NETFLIX PURCHASE,69.25,Netflix,Entertainment,0
944,U032,2025-06-05,UBER PURCHASE,56.91,Uber,Transport,0
945,U032,2025-11-05,AMC PURCHASE,44.43,AMC,Entertainment,0
946,U032,2026-03-06,BEST BUY PURCHASE,935.56,Best Buy,Shopping,1
947,U032,2025-10-12,APPLE PURCHASE,973.02,Apple,Shopping,0
948,U032,2026-04-06,KROGER PURCHASE,208.1,Kroger,Groceries,0
949,U032,2026-03-15,BEST BUY PURCHASE,782.83,Best Buy,Shopping,0
950,U032,2026-04-17,TARGET PURCHASE,135.86,Target,Groceries,0
951,U032,2025-11-30,NETFLIX PURCHASE,15.74,Netflix,Entertainment,0
952,U032,2026-01-26,AMAZON PURCHASE,352.21,Amazon,Shopping,0
953,U032,2025-12-19,CVS PURCHASE,92.8,CVS,Health,0
954,U032,2026-04-20,AMAZON PRIME PURCHASE,16.68,Amazon Prime,Subscription,0
955,U033,2025-07-13,EXXON PURCHASE,37.57,Exxon,Transport,0
956,U033,2025-11-23,MCDONALDS PURCHASE,56.99,McDonalds,Food,0
957,U033,2025-07-06,WALMART PURCHASE,199.41,Walmart,Groceries,0
958,U033,2025-08-13,APPLE PURCHASE,255.9,Apple,Shopping,0
959,U033,2025-12-03,NETFLIX PURCHASE,53.88,Netflix,Entertainment,0
960,U033,2026-01-31,DISNEY+ PURCHASE,29.29,Disney+,Subscription,0
961,U033,2025-10-14,WALGREENS PURCHASE,145.04,Walgreens,Health,0
962,U033,2025-07-05,APPLE PURCHASE,313.28,Apple,Shopping,0
963,U033,2025-08-22,AMC PURCHASE,35.6,AMC,Entertainment,0
964,U033,2026-04-20,HULU PURCHASE,32.02,Hulu,Subscription,0
965,U033,2025-06-24,LYFT PURCHASE,87.25,Lyft,Transport,0
966,U033,2026-04-01,AMAZON PRIME PURCHASE,35.76,Amazon Prime,Subscription,0
967,U033,2025-06-24,COSTCO PURCHASE,181.23,Costco,Groceries,0
968,U033,2025-08-11,WALGREENS PURCHASE,107.48,Walgreens,Health,0
969,U033,2025-08-19,DISNEY+ PURCHASE,25.76,Disney+,Subscription,0
970,U033,2026-05-03,STARBUCKS PURCHASE,23.81,Starbucks,Food,0
971,U033,2026-02-02,EXXON PURCHASE,100.0,Exxon,Transport,0
972,U033,2025-11-06,CHIPOTLE PURCHASE,54.24,Chipotle,Food,0
973,U033,2025-05-31,AMAZON PURCHASE,909.22,Amazon,Shopping,0
974,U033,2025-06-03,WALGREENS PURCHASE,29.17,Walgreens,Health,0
975,U033,2025-08-30,SHELL PURCHASE,57.36,Shell,Transport,0
976,U033,2025-09-20,SPOTIFY PURCHASE,78.08,Spotify,Entertainment,0
977,U033,2025-11-06,KROGER PURCHASE,183.59,Kroger,Groceries,0
978,U033,2025-11-23,UBER EATS PURCHASE,56.22,Uber Eats,Food,0
979,U033,2026-03-25,SHELL PURCHASE,63.92,Shell,Transport,0
980,U033,2025-08-31,LYFT PURCHASE,43.68,Lyft,Transport,0
981,U033,2026-04-21,STARBUCKS PURCHASE,24.15,Starbucks,Food,0
982,U034,2026-04-11,CVS PURCHASE,141.03,CVS,Health,0
983,U034,2026-01-17,WALMART PURCHASE,58.03,Walmart,Groceries,0
984,U034,2025-05-15,COSTCO PURCHASE,105.16,Costco,Groceries,0
985,U034,2025-09-30,BEST BUY PURCHASE,85.88,Best Buy,Shopping,0
986,U034,2026-03-24,WALGREENS PURCHASE,98.35,Walgreens,Health,0
987,U034,2025-08-03,UBER PURCHASE,75.96,Uber,Transport,0
988,U034,2026-01-08,UBER EATS PURCHASE,48.79,Uber Eats,Food,0
989,U034,2025-07-20,APPLE PURCHASE,550.82,Apple,Shopping,0
990,U034,2025-07-29,SHELL PURCHASE,75.11,Shell,Transport,0
991,U034,2025-06-25,WALGREENS PURCHASE,108.06,Walgreens,Health,0
992,U034,2025-06-13,CVS PURCHASE,113.2,CVS,Health,0
993,U034,2026-02-07,KROGER PURCHASE,242.76,Kroger,Groceries,0
994,U034,2025-11-13,AMAZON PURCHASE,199.23,Amazon,Shopping,0
995,U034,2026-02-24,SPOTIFY PURCHASE,37.86,Spotify,Entertainment,0
996,U034,2025-12-19,SHELL PURCHASE,79.24,Shell,Transport,0
997,U034,2025-08-10,TARGET PURCHASE,227.03,Target,Groceries,0
998,U034,2026-05-01,SPOTIFY PURCHASE,76.78,Spotify,Entertainment,0
999,U034,2025-09-20,AMAZON PRIME PURCHASE,33.83,Amazon Prime,Subscription,0
1000,U034,2026-02-09,DOORDASH PURCHASE,43.15,DoorDash,Food,0
1001,U034,2025-08-26,CHIPOTLE PURCHASE,15.39,Chipotle,Food,0
1002,U034,2025-08-24,CVS PURCHASE,58.06,CVS,Health,0
1003,U034,2026-04-09,UBER EATS PURCHASE,59.3,Uber Eats,Food,0
1004,U034,2025-05-16,APPLE PURCHASE,731.94,Apple,Shopping,0
1005,U034,2025-08-23,HULU PURCHASE,25.38,Hulu,Subscription,0
1006,U034,2025-07-29,UBER EATS PURCHASE,57.87,Uber Eats,Food,0
1007,U034,2026-01-30,NETFLIX PURCHASE,39.48,Netflix,Entertainment,0
1008,U034,2026-03-25,COSTCO PURCHASE,131.65,Costco,Groceries,0
1009,U034,2025-10-15,BEST BUY PURCHASE,206.58,Best Buy,Shopping,0
1010,U034,2025-07-04,COSTCO PURCHASE,129.39,Costco,Groceries,0
1011,U034,2025-08-23,AMAZON PURCHASE,573.56,Amazon,Shopping,0
1012,U034,2026-05-11,BEST BUY PURCHASE,453.25,Best Buy,Shopping,0
1013,U034,2025-09-16,HULU PURCHASE,24.19,Hulu,Subscription,0
1014,U034,2025-08-05,CVS PURCHASE,101.6,CVS,Health,0
1015,U034,2026-03-18,SHELL PURCHASE,28.24,Shell,Transport,0
1016,U034,2025-06-12,HULU PURCHASE,10.77,Hulu,Subscription,0
1017,U034,2025-12-28,CVS PURCHASE,21.39,CVS,Health,0
1018,U035,2025-08-17,NETFLIX PURCHASE,16.34,Netflix,Entertainment,0
1019,U035,2025-12-09,COSTCO PURCHASE,92.93,Costco,Groceries,0
1020,U035,2025-11-29,TARGET PURCHASE,243.1,Target,Groceries,0
1021,U035,2025-10-24,BEST BUY PURCHASE,326.16,Best Buy,Shopping,0
1022,U035,2025-06-13,UBER EATS PURCHASE,39.96,Uber Eats,Food,0
1023,U035,2025-06-24,DOORDASH PURCHASE,19.97,DoorDash,Food,0
1024,U035,2025-11-13,WALMART PURCHASE,274.79,Walmart,Groceries,0
1025,U035,2026-01-22,HULU PURCHASE,25.49,Hulu,Subscription,0
1026,U035,2025-11-15,CVS PURCHASE,80.42,CVS,Health,0
1027,U035,2025-05-18,STARBUCKS PURCHASE,6.27,Starbucks,Food,0
1028,U035,2026-04-29,DISNEY+ PURCHASE,20.81,Disney+,Subscription,0
1029,U035,2025-10-23,HULU PURCHASE,6.47,Hulu,Subscription,0
1030,U035,2025-07-23,KROGER PURCHASE,208.95,Kroger,Groceries,0
1031,U035,2025-11-25,LYFT PURCHASE,97.52,Lyft,Transport,0
1032,U035,2025-11-23,NETFLIX PURCHASE,25.63,Netflix,Entertainment,0
1033,U035,2025-06-14,APPLE PURCHASE,591.87,Apple,Shopping,0
1034,U035,2025-05-14,CVS PURCHASE,99.55,CVS,Health,0
1035,U035,2026-05-10,APPLE PURCHASE,958.02,Apple,Shopping,1
1036,U035,2025-11-09,CVS PURCHASE,56.13,CVS,Health,0
1037,U035,2025-07-18,APPLE PURCHASE,708.01,Apple,Shopping,0
1038,U035,2025-12-27,TARGET PURCHASE,165.17,Target,Groceries,0
1039,U035,2026-04-09,DISNEY+ PURCHASE,28.41,Disney+,Subscription,0
1040,U035,2025-09-19,UBER PURCHASE,74.12,Uber,Transport,0
1041,U035,2026-02-03,WALMART PURCHASE,215.12,Walmart,Groceries,0
1042,U035,2025-06-03,EXXON PURCHASE,60.52,Exxon,Transport,0
1043,U035,2025-12-20,COSTCO PURCHASE,198.85,Costco,Groceries,0
1044,U035,2026-04-27,EXXON PURCHASE,54.74,Exxon,Transport,0
1045,U035,2026-04-21,NETFLIX PURCHASE,48.84,Netflix,Entertainment,0
1046,U035,2026-02-02,COSTCO PURCHASE,275.57,Costco,Groceries,0
1047,U035,2026-01-01,NETFLIX PURCHASE,54.41,Netflix,Entertainment,0
1048,U035,2025-07-23,CVS PURCHASE,99.15,CVS,Health,0
1049,U035,2026-01-24,TARGET PURCHASE,194.03,Target,Groceries,0
1050,U035,2026-03-03,APPLE PURCHASE,872.68,Apple,Shopping,1
1051,U036,2025-12-04,HULU PURCHASE,16.75,Hulu,Subscription,0
1052,U036,2026-05-06,AMAZON PURCHASE,252.47,Amazon,Shopping,0
1053,U036,2025-10-17,AMC PURCHASE,62.91,AMC,Entertainment,0
1054,U036,2025-05-25,SPOTIFY PURCHASE,42.77,Spotify,Entertainment,0
1055,U036,2025-06-09,BEST BUY PURCHASE,355.02,Best Buy,Shopping,0
1056,U036,2025-10-29,STARBUCKS PURCHASE,22.01,Starbucks,Food,0
1057,U036,2025-10-28,CVS PURCHASE,55.03,CVS,Health,0
1058,U036,2026-04-14,LYFT PURCHASE,85.32,Lyft,Transport,0
1059,U036,2025-10-02,CVS PURCHASE,135.27,CVS,Health,0
1060,U036,2025-10-27,DOORDASH PURCHASE,30.16,DoorDash,Food,0
1061,U036,2025-06-22,DISNEY+ PURCHASE,34.56,Disney+,Subscription,0
1062,U036,2025-09-30,KROGER PURCHASE,222.37,Kroger,Groceries,0
1063,U036,2025-05-21,UBER EATS PURCHASE,7.93,Uber Eats,Food,0
1064,U036,2025-07-25,CVS PURCHASE,86.37,CVS,Health,0
1065,U036,2025-11-13,EXXON PURCHASE,63.14,Exxon,Transport,0
1066,U036,2025-06-09,SHELL PURCHASE,77.56,Shell,Transport,0
1067,U036,2025-12-29,AMC PURCHASE,55.14,AMC,Entertainment,0
1068,U036,2025-06-05,KROGER PURCHASE,60.3,Kroger,Groceries,0
1069,U036,2025-09-26,WALGREENS PURCHASE,100.8,Walgreens,Health,0
1070,U036,2025-11-19,DOORDASH PURCHASE,5.39,DoorDash,Food,0
1071,U036,2025-08-28,WALMART PURCHASE,85.49,Walmart,Groceries,0
1072,U036,2025-07-15,AMAZON PRIME PURCHASE,30.61,Amazon Prime,Subscription,0
1073,U036,2025-11-10,UBER EATS PURCHASE,22.57,Uber Eats,Food,0
1074,U036,2025-09-09,AMC PURCHASE,32.02,AMC,Entertainment,0
1075,U036,2026-04-18,DISNEY+ PURCHASE,39.62,Disney+,Subscription,0
1076,U036,2025-06-01,UBER PURCHASE,91.65,Uber,Transport,0
1077,U036,2025-12-08,KROGER PURCHASE,220.55,Kroger,Groceries,0
1078,U036,2025-11-06,CVS PURCHASE,137.72,CVS,Health,0
1079,U036,2025-09-05,MCDONALDS PURCHASE,59.66,McDonalds,Food,0
1080,U036,2026-02-25,EXXON PURCHASE,52.64,Exxon,Transport,0
1081,U037,2026-04-02,HULU PURCHASE,27.72,Hulu,Subscription,0
1082,U037,2026-02-11,WALMART PURCHASE,187.44,Walmart,Groceries,0
1083,U037,2025-11-19,TARGET PURCHASE,250.33,Target,Groceries,0
1084,U037,2025-07-22,AMC PURCHASE,49.63,AMC,Entertainment,0
1085,U037,2025-05-31,BEST BUY PURCHASE,129.74,Best Buy,Shopping,0
1086,U037,2025-06-22,APPLE PURCHASE,386.03,Apple,Shopping,0
1087,U037,2026-01-04,COSTCO PURCHASE,62.84,Costco,Groceries,0
1088,U037,2026-04-14,TARGET PURCHASE,138.17,Target,Groceries,0
1089,U037,2025-07-24,SPOTIFY PURCHASE,21.29,Spotify,Entertainment,0
1090,U037,2026-02-09,CVS PURCHASE,130.66,CVS,Health,0
1091,U037,2026-02-13,STARBUCKS PURCHASE,42.71,Starbucks,Food,0
1092,U037,2025-07-30,AMC PURCHASE,60.18,AMC,Entertainment,0
1093,U037,2025-11-03,DISNEY+ PURCHASE,25.84,Disney+,Subscription,0
1094,U037,2025-06-28,MCDONALDS PURCHASE,23.34,McDonalds,Food,0
1095,U037,2025-05-30,CVS PURCHASE,50.08,CVS,Health,0
1096,U037,2026-04-17,STARBUCKS PURCHASE,29.31,Starbucks,Food,0
1097,U037,2025-05-11,CVS PURCHASE,60.2,CVS,Health,0
1098,U037,2025-10-15,LYFT PURCHASE,65.86,Lyft,Transport,0
1099,U037,2026-01-16,APPLE PURCHASE,924.09,Apple,Shopping,1
1100,U037,2025-09-07,AMAZON PRIME PURCHASE,20.82,Amazon Prime,Subscription,0
1101,U037,2025-07-09,AMAZON PURCHASE,721.4,Amazon,Shopping,0
1102,U037,2025-08-04,SPOTIFY PURCHASE,27.71,Spotify,Entertainment,0
1103,U037,2025-07-13,LYFT PURCHASE,84.41,Lyft,Transport,0
1104,U037,2026-02-19,EXXON PURCHASE,95.17,Exxon,Transport,0
1105,U037,2026-04-27,CVS PURCHASE,131.69,CVS,Health,0
1106,U037,2025-08-15,NETFLIX PURCHASE,20.19,Netflix,Entertainment,0
1107,U037,2026-04-18,TARGET PURCHASE,212.36,Target,Groceries,0
1108,U037,2025-07-28,STARBUCKS PURCHASE,57.02,Starbucks,Food,0
1109,U038,2025-10-01,WALMART PURCHASE,68.06,Walmart,Groceries,0
1110,U038,2026-05-01,COSTCO PURCHASE,254.66,Costco,Groceries,0
1111,U038,2025-09-17,DISNEY+ PURCHASE,23.36,Disney+,Subscription,0
1112,U038,2026-01-22,LYFT PURCHASE,32.8,Lyft,Transport,0
1113,U038,2026-03-09,NETFLIX PURCHASE,21.14,Netflix,Entertainment,0
1114,U038,2026-01-17,DOORDASH PURCHASE,56.42,DoorDash,Food,0
1115,U038,2026-01-12,SPOTIFY PURCHASE,76.76,Spotify,Entertainment,0
1116,U038,2026-01-20,TARGET PURCHASE,71.48,Target,Groceries,0
1117,U038,2025-09-19,AMC PURCHASE,28.66,AMC,Entertainment,0
1118,U038,2025-06-18,DISNEY+ PURCHASE,36.93,Disney+,Subscription,0
1119,U038,2026-03-11,NETFLIX PURCHASE,13.33,Netflix,Entertainment,0
1120,U038,2025-09-20,WALGREENS PURCHASE,53.68,Walgreens,Health,0
1121,U038,2026-01-23,DOORDASH PURCHASE,21.15,DoorDash,Food,0
1122,U038,2026-02-11,WALGREENS PURCHASE,84.1,Walgreens,Health,0
1123,U038,2025-09-20,APPLE PURCHASE,605.55,Apple,Shopping,0
1124,U038,2025-06-16,CHIPOTLE PURCHASE,59.7,Chipotle,Food,0
1125,U038,2025-12-20,WALMART PURCHASE,217.26,Walmart,Groceries,0
1126,U038,2026-01-11,AMAZON PRIME PURCHASE,24.98,Amazon Prime,Subscription,0
1127,U038,2026-04-18,WALMART PURCHASE,198.5,Walmart,Groceries,0
1128,U038,2026-01-18,UBER PURCHASE,57.87,Uber,Transport,0
1129,U038,2025-09-06,CVS PURCHASE,16.11,CVS,Health,0
1130,U038,2025-07-26,WALMART PURCHASE,272.87,Walmart,Groceries,0
1131,U038,2025-08-22,UBER EATS PURCHASE,20.27,Uber Eats,Food,0
1132,U038,2025-11-21,WALMART PURCHASE,117.9,Walmart,Groceries,0
1133,U038,2025-08-08,SPOTIFY PURCHASE,43.94,Spotify,Entertainment,0
1134,U038,2025-08-14,BEST BUY PURCHASE,246.67,Best Buy,Shopping,0
1135,U038,2025-12-18,UBER EATS PURCHASE,51.11,Uber Eats,Food,0
1136,U038,2025-08-20,UBER EATS PURCHASE,37.07,Uber Eats,Food,0
1137,U038,2025-09-01,TARGET PURCHASE,249.1,Target,Groceries,0
1138,U038,2025-10-15,CHIPOTLE PURCHASE,21.36,Chipotle,Food,0
1139,U038,2025-10-05,UBER PURCHASE,54.41,Uber,Transport,0
1140,U038,2026-02-05,APPLE PURCHASE,412.25,Apple,Shopping,0
1141,U038,2026-03-24,KROGER PURCHASE,185.4,Kroger,Groceries,0
1142,U038,2026-01-14,UBER PURCHASE,96.75,Uber,Transport,0
1143,U038,2026-03-25,DOORDASH PURCHASE,27.59,DoorDash,Food,0
1144,U038,2026-02-11,SPOTIFY PURCHASE,54.66,Spotify,Entertainment,0
1145,U038,2025-10-13,DISNEY+ PURCHASE,38.57,Disney+,Subscription,0
1146,U038,2026-01-04,HULU PURCHASE,30.23,Hulu,Subscription,0
1147,U038,2026-03-27,WALGREENS PURCHASE,112.19,Walgreens,Health,0
1148,U039,2026-01-10,TARGET PURCHASE,110.17,Target,Groceries,0
1149,U039,2025-07-22,CVS PURCHASE,105.04,CVS,Health,0
1150,U039,2025-08-11,AMAZON PRIME PURCHASE,24.65,Amazon Prime,Subscription,0
1151,U039,2026-02-20,WALGREENS PURCHASE,28.52,Walgreens,Health,0
1152,U039,2026-02-22,HULU PURCHASE,30.27,Hulu,Subscription,0
1153,U039,2026-03-29,DISNEY+ PURCHASE,38.22,Disney+,Subscription,0
1154,U039,2026-01-03,STARBUCKS PURCHASE,24.87,Starbucks,Food,0
1155,U039,2025-08-29,TARGET PURCHASE,295.12,Target,Groceries,0
1156,U039,2025-09-29,UBER PURCHASE,24.09,Uber,Transport,0
1157,U039,2025-09-05,WALMART PURCHASE,151.47,Walmart,Groceries,0
1158,U039,2025-11-28,CVS PURCHASE,56.28,CVS,Health,0
1159,U039,2025-08-22,AMC PURCHASE,42.93,AMC,Entertainment,0
1160,U039,2026-05-03,DISNEY+ PURCHASE,14.33,Disney+,Subscription,0
1161,U039,2026-04-11,WALGREENS PURCHASE,89.62,Walgreens,Health,0
1162,U039,2025-10-04,STARBUCKS PURCHASE,10.33,Starbucks,Food,0
1163,U039,2025-07-09,UBER PURCHASE,13.43,Uber,Transport,0
1164,U039,2025-09-10,LYFT PURCHASE,44.66,Lyft,Transport,0
1165,U039,2025-06-30,SPOTIFY PURCHASE,25.23,Spotify,Entertainment,0
1166,U039,2026-02-25,AMAZON PRIME PURCHASE,24.08,Amazon Prime,Subscription,0
1167,U039,2026-05-11,APPLE PURCHASE,937.59,Apple,Shopping,0
1168,U039,2025-05-21,EXXON PURCHASE,42.67,Exxon,Transport,0
1169,U039,2025-05-18,WALMART PURCHASE,251.32,Walmart,Groceries,0
1170,U039,2025-10-17,APPLE PURCHASE,712.07,Apple,Shopping,0
1171,U039,2025-07-02,WALGREENS PURCHASE,135.84,Walgreens,Health,0
1172,U039,2025-05-21,CHIPOTLE PURCHASE,58.56,Chipotle,Food,0
1173,U039,2025-11-28,DISNEY+ PURCHASE,7.44,Disney+,Subscription,0
1174,U039,2026-02-11,WALMART PURCHASE,298.77,Walmart,Groceries,0
1175,U039,2026-03-27,APPLE PURCHASE,45.11,Apple,Shopping,0
1176,U039,2025-08-13,AMAZON PURCHASE,101.83,Amazon,Shopping,0
1177,U039,2025-10-17,BEST BUY PURCHASE,550.08,Best Buy,Shopping,0
1178,U039,2025-09-04,KROGER PURCHASE,151.21,Kroger,Groceries,0
1179,U039,2025-12-21,AMC PURCHASE,10.19,AMC,Entertainment,0
1180,U039,2025-09-18,SHELL PURCHASE,14.52,Shell,Transport,0
1181,U039,2026-01-07,WALGREENS PURCHASE,113.59,Walgreens,Health,0
1182,U039,2025-11-12,BEST BUY PURCHASE,41.45,Best Buy,Shopping,0
1183,U039,2025-10-27,AMAZON PRIME PURCHASE,6.73,Amazon Prime,Subscription,0
1184,U039,2025-07-30,SPOTIFY PURCHASE,22.38,Spotify,Entertainment,0
1185,U039,2025-10-10,DOORDASH PURCHASE,36.71,DoorDash,Food,0
1186,U040,2025-12-01,DOORDASH PURCHASE,39.63,DoorDash,Food,0
1187,U040,2025-08-10,UBER EATS PURCHASE,31.52,Uber Eats,Food,0
1188,U040,2025-06-10,BEST BUY PURCHASE,275.45,Best Buy,Shopping,0
1189,U040,2025-06-06,DISNEY+ PURCHASE,35.08,Disney+,Subscription,0
1190,U040,2026-01-10,HULU PURCHASE,28.62,Hulu,Subscription,0
1191,U040,2026-02-07,UBER PURCHASE,62.02,Uber,Transport,0
1192,U040,2025-05-21,CVS PURCHASE,80.29,CVS,Health,0
1193,U040,2025-05-27,AMC PURCHASE,46.43,AMC,Entertainment,0
1194,U040,2025-12-03,SHELL PURCHASE,19.95,Shell,Transport,0
1195,U040,2025-09-18,UBER EATS PURCHASE,12.82,Uber Eats,Food,0
1196,U040,2025-06-04,UBER PURCHASE,63.58,Uber,Transport,0
1197,U040,2025-11-17,CHIPOTLE PURCHASE,26.3,Chipotle,Food,0
1198,U040,2025-06-28,APPLE PURCHASE,249.58,Apple,Shopping,0
1199,U040,2026-04-19,UBER PURCHASE,34.4,Uber,Transport,0
1200,U040,2025-09-10,AMC PURCHASE,44.85,AMC,Entertainment,0
1201,U040,2025-10-27,BEST BUY PURCHASE,415.21,Best Buy,Shopping,0
1202,U040,2025-12-25,UBER EATS PURCHASE,17.83,Uber Eats,Food,0
1203,U040,2025-05-25,HULU PURCHASE,27.27,Hulu,Subscription,0
1204,U040,2025-10-26,NETFLIX PURCHASE,47.41,Netflix,Entertainment,0
1205,U040,2025-12-26,AMAZON PRIME PURCHASE,11.91,Amazon Prime,Subscription,0
1206,U040,2025-12-08,WALMART PURCHASE,274.66,Walmart,Groceries,0
1207,U040,2026-05-10,HULU PURCHASE,9.54,Hulu,Subscription,0
1208,U040,2025-12-18,KROGER PURCHASE,174.61,Kroger,Groceries,0
1209,U040,2025-08-23,AMAZON PURCHASE,21.17,Amazon,Shopping,0
1210,U040,2025-09-20,SPOTIFY PURCHASE,19.34,Spotify,Entertainment,0
1211,U040,2025-07-21,CVS PURCHASE,57.01,CVS,Health,0
1212,U041,2025-06-18,MCDONALDS PURCHASE,13.08,McDonalds,Food,0
1213,U041,2026-03-17,SHELL PURCHASE,53.91,Shell,Transport,0
1214,U041,2026-05-10,AMAZON PRIME PURCHASE,21.2,Amazon Prime,Subscription,0
1215,U041,2025-05-26,BEST BUY PURCHASE,153.99,Best Buy,Shopping,0
1216,U041,2025-06-07,SHELL PURCHASE,10.92,Shell,Transport,0
1217,U041,2025-09-11,STARBUCKS PURCHASE,23.23,Starbucks,Food,0
1218,U041,2025-12-23,TARGET PURCHASE,222.11,Target,Groceries,0
1219,U041,2025-08-15,AMC PURCHASE,74.89,AMC,Entertainment,0
1220,U041,2025-07-26,AMAZON PRIME PURCHASE,34.21,Amazon Prime,Subscription,0
1221,U041,2025-12-09,LYFT PURCHASE,79.98,Lyft,Transport,0
1222,U041,2026-01-02,AMC PURCHASE,72.3,AMC,Entertainment,0
1223,U041,2025-11-01,DISNEY+ PURCHASE,6.23,Disney+,Subscription,0
1224,U041,2025-10-22,KROGER PURCHASE,242.31,Kroger,Groceries,0
1225,U041,2025-10-23,COSTCO PURCHASE,184.66,Costco,Groceries,0
1226,U041,2025-10-08,NETFLIX PURCHASE,58.72,Netflix,Entertainment,0
1227,U041,2025-12-28,EXXON PURCHASE,86.91,Exxon,Transport,0
1228,U041,2026-01-07,UBER EATS PURCHASE,34.65,Uber Eats,Food,0
1229,U041,2026-03-30,KROGER PURCHASE,174.29,Kroger,Groceries,0
1230,U041,2026-05-10,WALMART PURCHASE,197.96,Walmart,Groceries,0
1231,U041,2026-02-17,AMAZON PRIME PURCHASE,12.99,Amazon Prime,Subscription,0
1232,U041,2025-09-20,APPLE PURCHASE,317.14,Apple,Shopping,0
1233,U042,2025-11-28,AMAZON PURCHASE,266.85,Amazon,Shopping,0
1234,U042,2025-06-05,HULU PURCHASE,24.47,Hulu,Subscription,0
1235,U042,2025-07-01,EXXON PURCHASE,72.3,Exxon,Transport,0
1236,U042,2026-01-06,AMAZON PURCHASE,872.63,Amazon,Shopping,1
1237,U042,2026-02-07,LYFT PURCHASE,18.93,Lyft,Transport,0
1238,U042,2025-05-19,SPOTIFY PURCHASE,71.68,Spotify,Entertainment,0
1239,U042,2025-08-13,WALMART PURCHASE,142.12,Walmart,Groceries,0
1240,U042,2025-09-19,MCDONALDS PURCHASE,45.61,McDonalds,Food,0
1241,U042,2026-02-08,COSTCO PURCHASE,140.48,Costco,Groceries,0
1242,U042,2025-08-16,KROGER PURCHASE,255.28,Kroger,Groceries,0
1243,U042,2025-07-08,EXXON PURCHASE,93.67,Exxon,Transport,0
1244,U042,2026-02-04,CVS PURCHASE,108.75,CVS,Health,0
1245,U042,2026-01-09,KROGER PURCHASE,237.0,Kroger,Groceries,0
1246,U042,2025-12-12,AMAZON PURCHASE,551.79,Amazon,Shopping,0
1247,U042,2025-06-27,HULU PURCHASE,30.38,Hulu,Subscription,0
1248,U042,2026-04-19,APPLE PURCHASE,842.82,Apple,Shopping,0
1249,U042,2025-09-13,WALGREENS PURCHASE,20.12,Walgreens,Health,0
1250,U042,2026-02-21,NETFLIX PURCHASE,55.32,Netflix,Entertainment,0
1251,U042,2025-11-19,AMAZON PRIME PURCHASE,16.39,Amazon Prime,Subscription,0
1252,U042,2025-07-22,DISNEY+ PURCHASE,13.56,Disney+,Subscription,0
1253,U042,2026-03-05,AMAZON PURCHASE,596.36,Amazon,Shopping,0
1254,U042,2025-12-10,COSTCO PURCHASE,270.74,Costco,Groceries,0
1255,U042,2025-12-03,NETFLIX PURCHASE,57.61,Netflix,Entertainment,0
1256,U042,2025-05-21,CVS PURCHASE,82.41,CVS,Health,0
1257,U042,2026-04-18,NETFLIX PURCHASE,12.84,Netflix,Entertainment,0
1258,U042,2025-07-24,WALMART PURCHASE,127.07,Walmart,Groceries,0
1259,U042,2026-01-14,AMAZON PRIME PURCHASE,36.19,Amazon Prime,Subscription,0
1260,U042,2026-04-02,LYFT PURCHASE,51.73,Lyft,Transport,0
1261,U042,2025-09-29,WALGREENS PURCHASE,99.0,Walgreens,Health,0
1262,U042,2025-08-06,AMAZON PURCHASE,964.74,Amazon,Shopping,1
1263,U042,2025-06-01,MCDONALDS PURCHASE,5.84,McDonalds,Food,0
1264,U042,2025-08-03,AMAZON PRIME PURCHASE,35.9,Amazon Prime,Subscription,0
1265,U042,2025-11-02,APPLE PURCHASE,853.57,Apple,Shopping,0
1266,U042,2026-03-31,AMAZON PURCHASE,159.32,Amazon,Shopping,0
1267,U042,2025-10-03,WALGREENS PURCHASE,93.58,Walgreens,Health,0
1268,U042,2025-10-09,SHELL PURCHASE,58.93,Shell,Transport,0
1269,U042,2025-07-31,APPLE PURCHASE,167.54,Apple,Shopping,0
1270,U042,2025-05-22,NETFLIX PURCHASE,14.65,Netflix,Entertainment,0
1271,U042,2025-11-28,SPOTIFY PURCHASE,55.47,Spotify,Entertainment,0
1272,U042,2025-12-12,MCDONALDS PURCHASE,42.82,McDonalds,Food,0
1273,U043,2025-08-16,SPOTIFY PURCHASE,43.1,Spotify,Entertainment,0
1274,U043,2026-02-13,HULU PURCHASE,21.33,Hulu,Subscription,0
1275,U043,2025-07-01,APPLE PURCHASE,215.54,Apple,Shopping,0
1276,U043,2026-02-25,EXXON PURCHASE,51.73,Exxon,Transport,0
1277,U043,2025-08-23,EXXON PURCHASE,80.64,Exxon,Transport,0
1278,U043,2026-02-13,SPOTIFY PURCHASE,52.6,Spotify,Entertainment,0
1279,U043,2026-02-20,UBER PURCHASE,71.24,Uber,Transport,0
1280,U043,2025-11-03,CVS PURCHASE,107.61,CVS,Health,0
1281,U043,2025-11-30,AMAZON PURCHASE,597.29,Amazon,Shopping,0
1282,U043,2025-12-12,KROGER PURCHASE,258.99,Kroger,Groceries,0
1283,U043,2025-06-21,UBER PURCHASE,36.82,Uber,Transport,0
1284,U043,2026-02-24,APPLE PURCHASE,234.68,Apple,Shopping,0
1285,U043,2026-02-03,STARBUCKS PURCHASE,51.98,Starbucks,Food,0
1286,U043,2025-11-11,SPOTIFY PURCHASE,17.76,Spotify,Entertainment,0
1287,U043,2025-11-25,NETFLIX PURCHASE,49.71,Netflix,Entertainment,0
1288,U043,2025-06-02,CVS PURCHASE,142.93,CVS,Health,0
1289,U043,2025-06-26,APPLE PURCHASE,514.95,Apple,Shopping,0
1290,U043,2025-12-02,WALMART PURCHASE,157.58,Walmart,Groceries,0
1291,U043,2025-05-22,DISNEY+ PURCHASE,12.04,Disney+,Subscription,0
1292,U043,2025-10-14,HULU PURCHASE,20.53,Hulu,Subscription,0
1293,U043,2025-12-08,AMAZON PURCHASE,208.37,Amazon,Shopping,0
1294,U043,2026-02-12,AMAZON PRIME PURCHASE,10.24,Amazon Prime,Subscription,0
1295,U043,2026-01-30,SPOTIFY PURCHASE,67.57,Spotify,Entertainment,0
1296,U043,2025-05-14,DISNEY+ PURCHASE,35.73,Disney+,Subscription,0
1297,U043,2026-02-19,TARGET PURCHASE,84.21,Target,Groceries,0
1298,U043,2026-03-28,COSTCO PURCHASE,208.89,Costco,Groceries,0
1299,U043,2025-08-04,WALGREENS PURCHASE,109.94,Walgreens,Health,0
1300,U043,2026-05-02,AMAZON PURCHASE,213.42,Amazon,Shopping,0
1301,U043,2026-02-06,UBER PURCHASE,25.4,Uber,Transport,0
1302,U043,2025-12-25,UBER EATS PURCHASE,33.26,Uber Eats,Food,0
1303,U043,2025-06-11,AMC PURCHASE,75.42,AMC,Entertainment,0
1304,U043,2025-06-18,STARBUCKS PURCHASE,43.77,Starbucks,Food,0
1305,U043,2026-02-23,UBER EATS PURCHASE,16.85,Uber Eats,Food,0
1306,U043,2025-12-09,WALGREENS PURCHASE,18.67,Walgreens,Health,0
1307,U043,2025-11-10,COSTCO PURCHASE,294.09,Costco,Groceries,0
1308,U043,2025-07-05,AMAZON PURCHASE,195.73,Amazon,Shopping,0
1309,U043,2026-04-01,BEST BUY PURCHASE,221.38,Best Buy,Shopping,0
1310,U043,2026-04-30,COSTCO PURCHASE,111.21,Costco,Groceries,0
1311,U044,2026-03-22,SHELL PURCHASE,15.76,Shell,Transport,0
1312,U044,2025-11-22,WALMART PURCHASE,255.76,Walmart,Groceries,0
1313,U044,2025-10-04,UBER PURCHASE,84.56,Uber,Transport,0
1314,U044,2025-11-17,WALMART PURCHASE,138.87,Walmart,Groceries,0
1315,U044,2025-08-10,AMAZON PURCHASE,555.44,Amazon,Shopping,0
1316,U044,2025-06-12,LYFT PURCHASE,57.8,Lyft,Transport,0
1317,U044,2025-10-31,APPLE PURCHASE,133.95,Apple,Shopping,0
1318,U044,2026-04-28,SHELL PURCHASE,66.96,Shell,Transport,0
1319,U044,2025-06-11,UBER PURCHASE,49.25,Uber,Transport,0
1320,U044,2026-03-05,AMC PURCHASE,64.4,AMC,Entertainment,0
1321,U044,2026-01-25,UBER EATS PURCHASE,31.79,Uber Eats,Food,0
1322,U044,2025-07-14,KROGER PURCHASE,292.99,Kroger,Groceries,0
1323,U044,2025-09-01,BEST BUY PURCHASE,998.7,Best Buy,Shopping,1
1324,U044,2025-12-27,CVS PURCHASE,104.56,CVS,Health,0
1325,U044,2025-11-19,EXXON PURCHASE,99.4,Exxon,Transport,0
1326,U044,2025-10-24,DOORDASH PURCHASE,46.92,DoorDash,Food,0
1327,U044,2025-06-15,BEST BUY PURCHASE,899.75,Best Buy,Shopping,0
1328,U044,2025-12-16,EXXON PURCHASE,76.7,Exxon,Transport,0
1329,U044,2025-12-20,AMAZON PURCHASE,835.73,Amazon,Shopping,1
1330,U044,2025-12-25,SHELL PURCHASE,20.08,Shell,Transport,0
1331,U044,2026-01-24,NETFLIX PURCHASE,45.91,Netflix,Entertainment,0
1332,U044,2025-12-12,CHIPOTLE PURCHASE,44.1,Chipotle,Food,0
1333,U044,2025-09-09,BEST BUY PURCHASE,238.96,Best Buy,Shopping,0
1334,U044,2026-04-21,UBER EATS PURCHASE,12.33,Uber Eats,Food,0
1335,U044,2025-10-07,CVS PURCHASE,94.99,CVS,Health,0
1336,U044,2025-11-11,HULU PURCHASE,11.64,Hulu,Subscription,0
1337,U044,2025-07-16,CVS PURCHASE,23.31,CVS,Health,0
1338,U044,2026-05-07,WALGREENS PURCHASE,36.96,Walgreens,Health,0
1339,U044,2026-05-10,CHIPOTLE PURCHASE,40.32,Chipotle,Food,0
1340,U044,2025-05-17,KROGER PURCHASE,223.76,Kroger,Groceries,0
1341,U044,2026-03-03,COSTCO PURCHASE,83.92,Costco,Groceries,0
1342,U044,2025-07-23,CVS PURCHASE,134.59,CVS,Health,0
1343,U044,2026-01-26,AMAZON PURCHASE,540.65,Amazon,Shopping,0
1344,U044,2026-04-09,CVS PURCHASE,139.29,CVS,Health,0
1345,U044,2025-10-07,WALMART PURCHASE,168.24,Walmart,Groceries,0
1346,U045,2026-04-15,CVS PURCHASE,115.01,CVS,Health,0
1347,U045,2025-07-14,TARGET PURCHASE,53.25,Target,Groceries,0
1348,U045,2025-12-09,DOORDASH PURCHASE,9.9,DoorDash,Food,0
1349,U045,2025-11-12,SHELL PURCHASE,24.37,Shell,Transport,0
1350,U045,2025-08-02,BEST BUY PURCHASE,417.56,Best Buy,Shopping,0
1351,U045,2026-01-15,APPLE PURCHASE,842.99,Apple,Shopping,1
1352,U045,2025-08-12,STARBUCKS PURCHASE,59.83,Starbucks,Food,0
1353,U045,2026-01-10,TARGET PURCHASE,144.67,Target,Groceries,0
1354,U045,2026-04-22,EXXON PURCHASE,86.56,Exxon,Transport,0
1355,U045,2025-06-01,HULU PURCHASE,27.0,Hulu,Subscription,0
1356,U045,2026-04-23,DOORDASH PURCHASE,15.57,DoorDash,Food,0
1357,U045,2026-01-31,UBER EATS PURCHASE,10.51,Uber Eats,Food,0
1358,U045,2026-04-12,SHELL PURCHASE,65.07,Shell,Transport,0
1359,U045,2025-09-07,CHIPOTLE PURCHASE,34.71,Chipotle,Food,0
1360,U045,2026-01-04,UBER PURCHASE,51.63,Uber,Transport,0
1361,U045,2025-07-15,STARBUCKS PURCHASE,29.27,Starbucks,Food,0
1362,U045,2026-05-03,SPOTIFY PURCHASE,11.81,Spotify,Entertainment,0
1363,U045,2025-06-20,LYFT PURCHASE,13.03,Lyft,Transport,0
1364,U045,2026-01-17,CHIPOTLE PURCHASE,17.97,Chipotle,Food,0
1365,U045,2025-10-11,WALGREENS PURCHASE,79.31,Walgreens,Health,0
1366,U045,2026-04-15,AMAZON PRIME PURCHASE,17.81,Amazon Prime,Subscription,0
1367,U045,2025-12-27,AMAZON PRIME PURCHASE,7.63,Amazon Prime,Subscription,0
1368,U045,2026-02-19,SHELL PURCHASE,32.89,Shell,Transport,0
1369,U045,2025-08-28,AMAZON PURCHASE,194.96,Amazon,Shopping,0
1370,U045,2026-03-19,EXXON PURCHASE,58.45,Exxon,Transport,0
1371,U045,2025-12-02,HULU PURCHASE,33.59,Hulu,Subscription,0
1372,U045,2025-10-24,UBER PURCHASE,71.95,Uber,Transport,0
1373,U045,2025-08-15,WALGREENS PURCHASE,73.59,Walgreens,Health,0
1374,U045,2026-05-01,EXXON PURCHASE,37.4,Exxon,Transport,0
1375,U045,2025-06-24,SPOTIFY PURCHASE,52.74,Spotify,Entertainment,0
1376,U045,2025-06-26,AMAZON PURCHASE,320.55,Amazon,Shopping,0
1377,U045,2025-09-28,SHELL PURCHASE,25.01,Shell,Transport,0
1378,U045,2025-07-11,NETFLIX PURCHASE,79.22,Netflix,Entertainment,0
1379,U045,2025-09-16,KROGER PURCHASE,60.3,Kroger,Groceries,0
1380,U045,2025-12-26,NETFLIX PURCHASE,22.36,Netflix,Entertainment,0
1381,U046,2026-01-15,AMAZON PURCHASE,505.21,Amazon,Shopping,0
1382,U046,2026-03-23,LYFT PURCHASE,37.42,Lyft,Transport,0
1383,U046,2026-03-05,CVS PURCHASE,116.11,CVS,Health,0
1384,U046,2025-10-30,UBER PURCHASE,42.08,Uber,Transport,0
1385,U046,2025-11-14,CHIPOTLE PURCHASE,29.44,Chipotle,Food,0
1386,U046,2025-08-10,AMAZON PRIME PURCHASE,29.73,Amazon Prime,Subscription,0
1387,U046,2026-05-08,HULU PURCHASE,29.08,Hulu,Subscription,0
1388,U046,2026-04-21,HULU PURCHASE,12.18,Hulu,Subscription,0
1389,U046,2025-09-12,LYFT PURCHASE,93.94,Lyft,Transport,0
1390,U046,2026-01-25,TARGET PURCHASE,276.42,Target,Groceries,0
1391,U046,2026-01-23,EXXON PURCHASE,45.43,Exxon,Transport,0
1392,U046,2025-06-16,NETFLIX PURCHASE,57.62,Netflix,Entertainment,0
1393,U046,2025-05-20,SPOTIFY PURCHASE,65.7,Spotify,Entertainment,0
1394,U046,2025-10-13,DOORDASH PURCHASE,27.34,DoorDash,Food,0
1395,U046,2025-11-16,AMAZON PURCHASE,881.72,Amazon,Shopping,1
1396,U046,2025-10-27,SHELL PURCHASE,72.98,Shell,Transport,0
1397,U046,2026-01-26,CVS PURCHASE,14.86,CVS,Health,0
1398,U046,2026-01-12,COSTCO PURCHASE,143.63,Costco,Groceries,0
1399,U046,2026-05-11,HULU PURCHASE,35.98,Hulu,Subscription,0
1400,U046,2026-01-28,WALGREENS PURCHASE,62.98,Walgreens,Health,0
1401,U046,2025-08-23,STARBUCKS PURCHASE,40.54,Starbucks,Food,0
1402,U046,2025-08-22,AMAZON PRIME PURCHASE,13.06,Amazon Prime,Subscription,0
1403,U047,2025-07-13,AMC PURCHASE,22.0,AMC,Entertainment,0
1404,U047,2025-05-11,APPLE PURCHASE,521.27,Apple,Shopping,0
1405,U047,2025-10-14,CVS PURCHASE,110.53,CVS,Health,0
1406,U047,2025-08-20,HULU PURCHASE,11.56,Hulu,Subscription,0
1407,U047,2025-05-16,TARGET PURCHASE,96.39,Target,Groceries,0
1408,U047,2026-03-19,APPLE PURCHASE,682.88,Apple,Shopping,0
1409,U047,2025-09-24,AMAZON PRIME PURCHASE,36.99,Amazon Prime,Subscription,0
1410,U047,2025-12-08,DISNEY+ PURCHASE,37.5,Disney+,Subscription,0
1411,U047,2026-03-06,KROGER PURCHASE,185.95,Kroger,Groceries,0
1412,U047,2025-05-28,UBER PURCHASE,31.89,Uber,Transport,0
1413,U047,2025-08-13,CVS PURCHASE,58.81,CVS,Health,0
1414,U047,2025-10-15,CHIPOTLE PURCHASE,29.67,Chipotle,Food,0
1415,U047,2026-02-20,BEST BUY PURCHASE,726.05,Best Buy,Shopping,0
1416,U047,2026-01-04,APPLE PURCHASE,90.88,Apple,Shopping,0
1417,U047,2026-04-11,COSTCO PURCHASE,166.61,Costco,Groceries,0
1418,U047,2025-07-02,DOORDASH PURCHASE,31.79,DoorDash,Food,0
1419,U047,2025-12-28,CVS PURCHASE,22.95,CVS,Health,0
1420,U047,2026-02-18,AMC PURCHASE,25.26,AMC,Entertainment,0
1421,U047,2025-06-15,SHELL PURCHASE,11.04,Shell,Transport,0
1422,U047,2026-03-03,AMAZON PURCHASE,85.36,Amazon,Shopping,0
1423,U047,2026-02-12,HULU PURCHASE,30.18,Hulu,Subscription,0
1424,U047,2026-02-15,COSTCO PURCHASE,167.99,Costco,Groceries,0
1425,U047,2025-09-07,WALGREENS PURCHASE,69.64,Walgreens,Health,0
1426,U047,2025-09-09,AMAZON PRIME PURCHASE,13.86,Amazon Prime,Subscription,0
1427,U047,2026-03-24,DOORDASH PURCHASE,48.87,DoorDash,Food,0
1428,U047,2025-10-02,UBER EATS PURCHASE,17.67,Uber Eats,Food,0
1429,U047,2025-05-22,MCDONALDS PURCHASE,55.24,McDonalds,Food,0
1430,U047,2026-03-27,BEST BUY PURCHASE,860.1,Best Buy,Shopping,0
1431,U047,2026-04-26,AMC PURCHASE,33.41,AMC,Entertainment,0
1432,U047,2025-12-31,WALGREENS PURCHASE,111.66,Walgreens,Health,0
1433,U047,2026-02-22,UBER PURCHASE,14.45,Uber,Transport,0
1434,U047,2025-11-16,WALGREENS PURCHASE,32.44,Walgreens,Health,0
1435,U047,2025-09-22,DOORDASH PURCHASE,55.9,DoorDash,Food,0
1436,U048,2025-11-15,AMC PURCHASE,30.94,AMC,Entertainment,0
1437,U048,2026-02-08,WALMART PURCHASE,279.0,Walmart,Groceries,0
1438,U048,2026-04-17,WALGREENS PURCHASE,54.84,Walgreens,Health,0
1439,U048,2025-06-21,SPOTIFY PURCHASE,78.55,Spotify,Entertainment,0
1440,U048,2025-08-09,CHIPOTLE PURCHASE,31.42,Chipotle,Food,0
1441,U048,2025-12-27,EXXON PURCHASE,44.28,Exxon,Transport,0
1442,U048,2026-01-11,HULU PURCHASE,20.04,Hulu,Subscription,0
1443,U048,2025-08-07,LYFT PURCHASE,76.03,Lyft,Transport,0
1444,U048,2026-03-27,UBER EATS PURCHASE,53.59,Uber Eats,Food,0
1445,U048,2025-11-23,STARBUCKS PURCHASE,25.37,Starbucks,Food,0
1446,U048,2026-02-27,UBER PURCHASE,16.21,Uber,Transport,0
1447,U048,2025-07-24,STARBUCKS PURCHASE,27.04,Starbucks,Food,0
1448,U048,2026-01-05,HULU PURCHASE,25.66,Hulu,Subscription,0
1449,U048,2026-01-01,HULU PURCHASE,33.35,Hulu,Subscription,0
1450,U048,2025-10-07,STARBUCKS PURCHASE,13.94,Starbucks,Food,0
1451,U048,2026-03-20,WALMART PURCHASE,52.77,Walmart,Groceries,0
1452,U048,2026-01-19,CHIPOTLE PURCHASE,20.72,Chipotle,Food,0
1453,U048,2025-07-20,HULU PURCHASE,32.16,Hulu,Subscription,0
1454,U048,2025-09-15,AMAZON PURCHASE,618.48,Amazon,Shopping,0
1455,U048,2025-07-23,SPOTIFY PURCHASE,77.22,Spotify,Entertainment,0
1456,U048,2026-02-07,WALGREENS PURCHASE,95.18,Walgreens,Health,0
1457,U048,2025-11-09,AMAZON PRIME PURCHASE,23.79,Amazon Prime,Subscription,0
1458,U048,2026-01-16,AMAZON PRIME PURCHASE,29.29,Amazon Prime,Subscription,0
1459,U048,2026-03-01,SPOTIFY PURCHASE,64.85,Spotify,Entertainment,0
1460,U048,2026-02-25,SPOTIFY PURCHASE,38.06,Spotify,Entertainment,0
1461,U048,2025-11-24,AMAZON PURCHASE,865.25,Amazon,Shopping,0
1462,U048,2026-04-01,APPLE PURCHASE,891.17,Apple,Shopping,0
1463,U048,2025-08-16,UBER EATS PURCHASE,36.88,Uber Eats,Food,0
1464,U048,2026-05-08,COSTCO PURCHASE,211.16,Costco,Groceries,0
1465,U048,2025-05-19,WALGREENS PURCHASE,128.8,Walgreens,Health,0
1466,U048,2026-04-17,MCDONALDS PURCHASE,59.58,McDonalds,Food,0
1467,U048,2025-11-30,UBER EATS PURCHASE,9.82,Uber Eats,Food,0
1468,U049,2026-04-26,DOORDASH PURCHASE,28.6,DoorDash,Food,0
1469,U049,2026-04-02,EXXON PURCHASE,94.48,Exxon,Transport,0
1470,U049,2026-04-25,SPOTIFY PURCHASE,68.91,Spotify,Entertainment,0
1471,U049,2026-03-09,AMAZON PURCHASE,484.61,Amazon,Shopping,0
1472,U049,2025-05-28,LYFT PURCHASE,37.94,Lyft,Transport,0
1473,U049,2026-01-26,APPLE PURCHASE,866.12,Apple,Shopping,0
1474,U049,2025-10-06,AMAZON PRIME PURCHASE,20.9,Amazon Prime,Subscription,0
1475,U049,2026-04-02,SHELL PURCHASE,71.71,Shell,Transport,0
1476,U049,2025-06-06,NETFLIX PURCHASE,59.46,Netflix,Entertainment,0
1477,U049,2025-06-19,TARGET PURCHASE,54.93,Target,Groceries,0
1478,U049,2025-06-09,WALGREENS PURCHASE,50.71,Walgreens,Health,0
1479,U049,2025-08-21,COSTCO PURCHASE,156.69,Costco,Groceries,0
1480,U049,2025-08-11,MCDONALDS PURCHASE,21.45,McDonalds,Food,0
1481,U049,2026-01-24,NETFLIX PURCHASE,22.46,Netflix,Entertainment,0
1482,U049,2025-12-02,SHELL PURCHASE,11.7,Shell,Transport,0
1483,U049,2026-04-14,EXXON PURCHASE,47.92,Exxon,Transport,0
1484,U049,2025-08-25,CHIPOTLE PURCHASE,53.36,Chipotle,Food,0
1485,U049,2026-03-06,APPLE PURCHASE,619.33,Apple,Shopping,0
1486,U049,2026-05-09,APPLE PURCHASE,891.39,Apple,Shopping,0
1487,U049,2025-12-23,SHELL PURCHASE,35.03,Shell,Transport,0
1488,U049,2026-01-26,SPOTIFY PURCHASE,20.58,Spotify,Entertainment,0
1489,U049,2025-10-03,KROGER PURCHASE,245.95,Kroger,Groceries,0
1490,U049,2025-09-20,WALGREENS PURCHASE,18.67,Walgreens,Health,0
1491,U049,2026-03-14,WALMART PURCHASE,127.22,Walmart,Groceries,0
1492,U049,2026-03-30,WALMART PURCHASE,91.26,Walmart,Groceries,0
1493,U049,2025-06-22,AMAZON PRIME PURCHASE,22.04,Amazon Prime,Subscription,0
1494,U049,2025-05-21,STARBUCKS PURCHASE,43.72,Starbucks,Food,0
1495,U049,2025-10-16,WALMART PURCHASE,70.61,Walmart,Groceries,0
1496,U049,2026-01-14,KROGER PURCHASE,134.47,Kroger,Groceries,0
1497,U049,2025-11-13,NETFLIX PURCHASE,75.03,Netflix,Entertainment,0
1498,U049,2026-01-03,AMC PURCHASE,13.71,AMC,Entertainment,0
1499,U049,2025-12-13,WALGREENS PURCHASE,41.3,Walgreens,Health,0
1500,U049,2026-03-13,DOORDASH PURCHASE,16.64,DoorDash,Food,0
1501,U049,2026-05-04,EXXON PURCHASE,38.93,Exxon,Transport,0
1502,U049,2025-06-20,CVS PURCHASE,52.16,CVS,Health,0
1503,U049,2025-06-08,WALGREENS PURCHASE,24.86,Walgreens,Health,0
1504,U049,2025-06-26,EXXON PURCHASE,38.07,Exxon,Transport,0
1505,U049,2025-07-12,CVS PURCHASE,56.7,CVS,Health,0
1506,U049,2025-12-15,TARGET PURCHASE,112.2,Target,Groceries,0
1507,U049,2026-02-13,SPOTIFY PURCHASE,37.15,Spotify,Entertainment,0
1508,U050,2025-12-05,MCDONALDS PURCHASE,56.28,McDonalds,Food,0
1509,U050,2026-01-05,APPLE PURCHASE,592.98,Apple,Shopping,0
1510,U050,2026-02-14,CVS PURCHASE,61.78,CVS,Health,0
1511,U050,2025-08-24,HULU PURCHASE,30.14,Hulu,Subscription,0
1512,U050,2025-08-08,UBER EATS PURCHASE,42.03,Uber Eats,Food,0
1513,U050,2026-04-16,CVS PURCHASE,139.36,CVS,Health,0
1514,U050,2025-11-02,LYFT PURCHASE,16.51,Lyft,Transport,0
1515,U050,2025-11-18,DISNEY+ PURCHASE,8.49,Disney+,Subscription,0
1516,U050,2025-06-25,UBER EATS PURCHASE,30.25,Uber Eats,Food,0
1517,U050,2025-08-06,UBER EATS PURCHASE,54.68,Uber Eats,Food,0
1518,U050,2025-12-06,LYFT PURCHASE,57.87,Lyft,Transport,0
1519,U050,2025-08-18,APPLE PURCHASE,380.1,Apple,Shopping,0
1520,U050,2025-10-06,UBER EATS PURCHASE,44.02,Uber Eats,Food,0
1521,U050,2025-07-13,APPLE PURCHASE,891.17,Apple,Shopping,1
1522,U050,2025-10-17,NETFLIX PURCHASE,70.74,Netflix,Entertainment,0
1523,U050,2026-04-02,WALGREENS PURCHASE,52.58,Walgreens,Health,0
1524,U050,2025-08-04,DISNEY+ PURCHASE,35.65,Disney+,Subscription,0
1525,U050,2026-04-28,APPLE PURCHASE,434.81,Apple,Shopping,0
1526,U050,2026-05-03,HULU PURCHASE,29.76,Hulu,Subscription,0
1527,U050,2025-07-31,SPOTIFY PURCHASE,47.92,Spotify,Entertainment,0
1528,U050,2026-05-09,UBER PURCHASE,61.94,Uber,Transport,0
1529,U050,2026-02-13,SPOTIFY PURCHASE,68.96,Spotify,Entertainment,0
1530,U050,2025-06-22,DISNEY+ PURCHASE,15.26,Disney+,Subscription,0
1531,U050,2025-09-23,LYFT PURCHASE,71.61,Lyft,Transport,0
1532,U050,2025-07-04,EXXON PURCHASE,43.68,Exxon,Transport,0
1533,U050,2025-11-13,COSTCO PURCHASE,117.51,Costco,Groceries,0
1534,U050,2026-02-07,CVS PURCHASE,76.28,CVS,Health,0
1535,U050,2025-10-01,WALGREENS PURCHASE,145.91,Walgreens,Health,0
1536,U050,2025-12-07,BEST BUY PURCHASE,809.98,Best Buy,Shopping,0
1537,U050,2026-02-21,CVS PURCHASE,15.17,CVS,Health,0
1538,U050,2025-09-24,SHELL PURCHASE,21.47,Shell,Transport,0
1539,U050,2025-05-28,WALGREENS PURCHASE,66.16,Walgreens,Health,0
1540,U050,2025-08-08,WALGREENS PURCHASE,46.98,Walgreens,Health,0
1541,U050,2025-11-19,AMAZON PURCHASE,998.3,Amazon,Shopping,0
1542,U050,2025-06-09,LYFT PURCHASE,16.78,Lyft,Transport,0
